ISO,Country,Data source,Sector,Gas,Unit,2022,2021,2020,2019,2018,2017,2016,2015,2014,2013,2012,2011,2010,2009,2008,2007,2006,2005,2004,2003,2002,2001,2000,1999,1998,1997,1996,1995,1994,1993,1992,1991,1990
WORLD,World,Climate Watch,Total including LUCF,All GHG,MtCO₂e,50809.05,50356.43,48271.97,50603.57,50226.78,49115.57,48391.19,47803.99,47914.39,47264.31,46642.9,46150.17,45999.53,44176.85,44256.51,44004.27,43239.65,41765.09,40808.89,38959.72,37961.96,36979.99,36913.53,36237.04,36252.91,36750.4,35360.41,34975.22,34164.05,33902.13,33716.5,33767.18,33589.16
CHN,China,Climate Watch,Total including LUCF,All GHG,MtCO₂e,12851.84,12852.14,12263.69,12109.18,11868.7,11376.55,11135.02,11085.85,11237.61,11175.26,10693.51,10408.9,9916.32,9095.23,8533.37,8289.28,7701.68,7038.18,6269.19,5512.24,4849.11,4557.76,4362.72,4195.59,4262.67,4154.19,4164.03,4148.03,3751.23,3581.08,3338.53,3196.9,3049.87
USA,United States,Climate Watch,Total including LUCF,All GHG,MtCO₂e,5670.87,5591.52,5305.85,5851.35,5972.88,5755.15,5804.37,5735.74,5845.56,5795.2,5650.45,5861.49,6078.96,5807.83,6225.53,6408.93,6305.71,6395.62,6375.2,6292.14,6224.85,6378.39,6413.36,6251.79,6252.24,6206.91,5947.73,5777.03,5709.34,5615.49,5506.44,5424.7,5472.89
IND,India,Climate Watch,Total including LUCF,All GHG,MtCO₂e,3805.03,3584.74,3326.2,3507.03,3506.66,3367.94,3247.88,3179,3134.57,2947.22,2884.2,2729.53,2680.84,2564.09,2450.97,2335.8,2188.97,2090.59,2019.2,1929.69,1885.83,1867.02,1620.92,1580.92,1499.21,1470.03,1410.07,1361.15,1293.11,1244.03,1208.14,1181.45,1126.56
EUU,European Union (27),Climate Watch,Total including LUCF,All GHG,MtCO₂e,3091.73,3163.69,2991.23,3268.76,3415.33,3495.29,3475.28,3129.91,3076.61,3226.03,3310.47,3372.68,3744.99,3665.25,3933.46,4026.61,4065.96,4067.05,4093.77,4095.91,4006.55,4023.71,4023.22,4023.54,4103.19,4145.7,4224.2,4118.29,4065.89,4078.23,4156.92,4299.63,4369.28
RUS,Russia,Climate Watch,Total including LUCF,All GHG,MtCO₂e,1886.05,1939.93,1759.19,1844.3,1840.91,1746.26,1697.9,1572.12,1596.32,1603.53,1647.28,1656.02,1487.68,1405.04,1538.59,1538.64,1528.99,1494.6,1469.16,1470.07,1396.64,1393.93,1781.41,1722.02,1693.84,1686.85,1832.29,1876.57,1952.47,2186.5,2382.89,2550.02,2618.14
BRA,Brazil,Climate Watch,Total including LUCF,All GHG,MtCO₂e,1597.22,1598.81,1537.1,1533.43,1509.63,1550.01,1524.43,1437.66,1450.3,1410.09,1384.67,1339.37,2178.84,2069.71,2095.86,2095.14,2055.61,2066.93,2048.86,1999.09,1982.84,1942.16,1847.49,1845.11,1833.46,1796.6,1764.33,1761.52,1734.63,1717.63,1707.24,1696.97,1675.44
IDN,Indonesia,Climate Watch,Total including LUCF,All GHG,MtCO₂e,1543.17,1449.39,1449.43,1893.29,1617.58,1364.58,1363.67,2009.98,1966.06,1586.04,1643.27,1624.03,1068.54,1437.32,1030.94,1048.76,1625.05,1195.06,1479.12,1124.38,1471.27,974.7,1147.86,1223.3,1336.88,2128.37,1129.81,1282.12,1244.87,1221.44,1202.76,1178.43,1156.89
JPN,Japan,Climate Watch,Total including LUCF,All GHG,MtCO₂e,1068.05,1097.01,1079.76,1135.89,1171.48,1210.55,1222.75,1216.99,1254.19,1301.26,1285.84,1242.66,1136.3,1079.01,1138.46,1208.74,1175.11,1195.32,1188.72,1203.16,1197.54,1171.37,1218.28,1207.89,1181.9,1233.65,1248.74,1235.73,1214.57,1154.15,1158.86,1144.91,1127.24
IRN,Iran,Climate Watch,Total including LUCF,All GHG,MtCO₂e,990.34,979.72,909.92,892.61,862.97,871.88,841.62,803.47,806.12,782.98,762.88,766.39,712.28,708.53,688.06,682.13,650.75,611.06,571.93,536.32,499.51,487.78,512.14,483.49,449.35,447.52,430.26,414.74,405.31,366.44,358.63,336.46,308.48
SAU,Saudi Arabia,Climate Watch,Total including LUCF,All GHG,MtCO₂e,793.61,747.26,725.04,730.06,732.36,749.91,760.73,759.07,723.51,677.23,658.81,621.12,588.04,540.84,525.45,483.43,460.49,435.34,411.72,391.18,366.64,345.6,338.23,322.93,320.03,305.22,300.42,286.24,287.72,289.23,292.72,275.5,241.89
CAN,Canada,Climate Watch,Total including LUCF,All GHG,MtCO₂e,760.62,746.07,734.2,790.71,799.14,779.21,761.76,866.02,870.02,861.61,847.87,847.36,997.85,979.44,1014.14,1036.27,1004.8,1014.62,1000.65,1010.85,988.61,967.22,741.76,723.86,724.19,706.9,695.07,673.97,658.16,640.28,644,630.19,634.47
COD,Democratic Republic of the Congo,Climate Watch,Total including LUCF,All GHG,MtCO₂e,707.61,708.5,707,704.15,698.79,706.52,701.48,700.97,697.16,697.06,693.05,700.89,464.57,460.15,459.77,453.61,461.12,458.84,458.54,454.14,446.04,431.07,435.17,439.04,447.1,444.96,437.71,445.5,445.24,442.62,439.7,437.51,438.96
DEU,Germany,Climate Watch,Total including LUCF,All GHG,MtCO₂e,695.82,704.44,681.07,736.5,787.79,816.43,833.13,830.27,825.35,866.23,851.3,838.27,878.65,847.84,905.09,902.29,931.39,923.08,944.99,963.19,962.48,979.21,928.12,935.88,973.82,995.4,1032.43,1007.87,1010.5,1019.71,1027.23,1071.77,1096.85
MEX,Mexico,Climate Watch,Total including LUCF,All GHG,MtCO₂e,666.3,663.68,651.56,708.93,689.51,715.34,715.07,705.55,689.85,695.11,709.7,704.91,601.51,584.13,594.75,590.17,578.16,557.77,532.49,523.95,495.32,483.28,574.96,548.14,565.24,531.88,507.63,488.65,509.15,482.23,463.96,461.08,441.56
KOR,South Korea,Climate Watch,Total including LUCF,All GHG,MtCO₂e,637.83,658.67,637.52,680.22,703.02,681.21,658.58,647.99,633.46,646.98,646.34,648.9,609.32,547.51,536.29,521.95,504.54,496.21,499.47,478.54,465.72,451.45,454.78,415.5,376.74,443.03,421.08,393.7,364.92,338.8,308.14,284.19,255.65
PAK,Pakistan,Climate Watch,Total including LUCF,All GHG,MtCO₂e,606.92,595.65,578.89,543.79,539.06,542.07,516.1,490.55,474.51,459.15,444.41,437.74,427.38,430.71,415.62,410.63,390.08,367.07,354.73,334.03,321.17,311.22,304.86,299.03,282.38,275.2,265.07,254.19,239.67,231.11,217.26,203.56,199.06
AUS,Australia,Climate Watch,Total including LUCF,All GHG,MtCO₂e,585.05,587.82,590.9,638.61,651.07,652.25,605.86,599.09,601.7,584.34,666.93,663.98,623.43,642.72,624.37,654.9,653.75,607.26,643.93,593.28,669.81,673.81,667.4,647.7,607.2,581.41,569.56,568.79,562.01,555.79,552.77,553.01,551.6
ZAF,South Africa,Climate Watch,Total including LUCF,All GHG,MtCO₂e,499.16,517.59,525.06,548.06,543.12,538.71,526.26,529.01,555.04,543.02,531.54,510.63,549.13,526.18,549.03,517.89,496.43,494.28,494.66,465.39,442.61,426.53,395.36,397.06,418.31,409.97,392.73,379.18,365.63,358.84,348.01,351.87,355.84
TUR,Turkey,Climate Watch,Total including LUCF,All GHG,MtCO₂e,494.89,512.9,474.98,463.31,473.89,472.31,433.41,374.36,366.85,341.57,350.48,334.78,328.45,318.38,315.8,318.18,287.93,259.44,246.54,240.66,229.45,219.18,267.09,243.01,243.08,242.19,233.24,215.56,200.95,205.88,199.39,191.83,189.59
VNM,Vietnam,Climate Watch,Total including LUCF,All GHG,MtCO₂e,463.85,463.81,473.76,461.51,406.55,348.57,341.16,311.18,295,281.14,265.83,263.98,299.86,280.76,257.62,247.98,233.28,228.85,218.56,196.65,190.3,173.71,78.62,70.68,66.04,53.93,45.7,37.52,29.2,24.77,18.59,15.12,10.85
ARG,Argentina,Climate Watch,Total including LUCF,All GHG,MtCO₂e,431.09,410.31,394.51,409.17,412.59,415.03,410.86,444.85,439.33,441.69,434.46,429.06,449.34,445.64,466.66,462.78,451.1,437.35,433.43,416.43,393.72,395.04,352.61,354.47,346.95,342.39,337.33,325.94,322.8,319.16,318.02,312.72,308.31
THA,Thailand,Climate Watch,Total including LUCF,All GHG,MtCO₂e,418.66,405.55,414.29,420.36,411.58,419.24,415.85,397.98,397.81,401.98,394.27,370.96,340.01,316.56,319.45,317.63,299.45,295.56,286.76,262.68,250.98,236.67,269.81,270.83,260.96,281.73,273.11,253.98,236.69,221.42,203.79,191.2,179.57
GBR,United Kingdom,Climate Watch,Total including LUCF,All GHG,MtCO₂e,417.7,429.65,411.52,455.4,470.22,477.77,488.48,511.97,527.11,567.74,583.99,564.2,605,592.84,649.25,670.91,686.97,690.81,697.61,705.29,697.87,716.17,706.57,707.8,737.11,743.24,763.15,741.92,749.06,750.89,768.41,785.11,775.82
MYS,Malaysia,Climate Watch,Total including LUCF,All GHG,MtCO₂e,387.45,373.81,371.93,382.29,376.42,353.3,369.19,181.87,197.72,164.3,141.92,141.65,365.47,353.42,358.4,346.93,322.65,326.97,311.44,285.75,276.35,259.36,268.05,256.39,279.85,250.1,238.56,228.14,220.4,212.15,205.43,202.71,191.31
ITA,Italy,Climate Watch,Total including LUCF,All GHG,MtCO₂e,384.4,382.54,348.34,386,395.11,397.79,402,384.28,374.36,394.33,425.98,444.2,454.57,444.96,494.36,509.05,515.85,526.76,525.27,512.95,493.23,483.71,485.13,479.04,471.67,460.39,456.2,460.03,434.69,439.47,445.4,448.23,450.88
NGA,Nigeria,Climate Watch,Total including LUCF,All GHG,MtCO₂e,353.74,362.14,356.46,364.33,353.47,345.38,348.73,346.77,352.79,343.18,333.67,332.06,325.08,296.05,308.94,306.38,318.68,332.72,328.93,325.24,301.81,324.43,328.97,315.57,331.29,352.09,361.42,329.89,325.67,330.96,333.31,315.4,297.99
EGY,Egypt,Climate Watch,Total including LUCF,All GHG,MtCO₂e,345.75,345.96,325.48,316.6,340.42,346.97,335.86,326.01,315.65,308.61,306.07,296.6,288.45,287.58,279.62,272.66,255.88,244.59,225.44,212.97,207.08,200.71,188.06,188.65,179.54,173.79,165.02,157.59,148.22,151.1,144.28,141.8,136.26
POL,Poland,Climate Watch,Total including LUCF,All GHG,MtCO₂e,344.23,359.16,333.35,350.72,369.08,371.06,358.38,353.57,351.2,365.75,372.72,379.24,339.57,321.37,339.09,346.88,349.56,336.24,336.41,333.72,322.96,330.48,391.55,409.88,423.09,459.47,469.35,456.98,455.57,461.33,461.96,473.02,477.58
KAZ,Kazakhstan,Climate Watch,Total including LUCF,All GHG,MtCO₂e,338.98,339.41,318.77,316.9,327.27,324.4,301.42,283.17,316.33,356.06,343.06,346.85,332.84,312.16,337.82,298.68,287.21,264.63,249.77,230.68,216.44,187.39,188.23,182.8,200.09,200.25,222.88,248.97,284.14,307.94,347.53,347.93,340.65
FRA,France,Climate Watch,Total including LUCF,All GHG,MtCO₂e,332.6,343.39,314.06,352.11,361.18,375.93,371.07,371.4,365.98,399.96,400.01,396.9,409.35,405.68,423.82,429.61,436.56,446.06,445.06,446.44,441.7,449.55,486.45,487.92,496.84,480.01,489.65,470.75,463.18,469.86,490.69,506.25,480.38
IRQ,Iraq,Climate Watch,Total including LUCF,All GHG,MtCO₂e,323.62,296.42,278.26,296.26,278.02,263.8,249.26,224.74,218.07,219.13,205.98,181.85,171.67,155.22,145.01,128.67,133.03,133.01,136,119.84,139.62,149.06,138.3,121.25,134.61,151.15,122.26,123.59,125.01,109.42,82.37,57.44,99.82
DZA,Algeria,Climate Watch,Total including LUCF,All GHG,MtCO₂e,306.28,292.21,285.14,299.04,291.29,282.31,276.88,276.92,267.46,255.07,249.85,231.24,224.71,219.66,218.19,213.17,209.42,202.35,194.62,190,174.18,166.65,172.02,164.32,160.33,158.41,159.38,154.67,148.05,144.45,134.28,132.01,128.37
COL,Colombia,Climate Watch,Total including LUCF,All GHG,MtCO₂e,300.94,303.52,292.4,298.23,295.55,286.91,289.72,258.45,260.09,256.89,247.32,248.38,266.6,258.7,252.86,248.76,240.75,239.38,237.05,234.56,231.55,234.25,244.15,240.01,251.86,249.77,243.23,242.83,237.92,235.06,229.98,226.5,225.35
ESP,Spain,Climate Watch,Total including LUCF,All GHG,MtCO₂e,274.82,272.25,255.11,294.44,312.05,319.42,304.33,320.33,309.4,311.15,337.83,344.62,334.13,348.95,384.99,418.81,402.74,408.44,393.91,378.91,369.4,354.4,335.74,318.12,293.02,284.69,262.33,268.59,253.87,240.01,255.55,245.21,239.17
VEN,Venezuela,Climate Watch,Total including LUCF,All GHG,MtCO₂e,267.66,241.59,240.16,324.61,385.12,441.77,484.9,585.83,611.98,619.88,618.44,587.94,570.88,570.56,587.49,570.32,575.82,578.87,554.25,521.57,542.86,567.47,618.5,598.12,627.31,628.74,604.1,567.01,532.83,523.41,512.95,509.6,487.24
BGD,Bangladesh,Climate Watch,Total including LUCF,All GHG,MtCO₂e,262.09,258.14,242.74,246.24,241.92,238.08,228.74,221.46,213.81,209.28,204.79,200.25,194.33,187.19,182.7,174.35,171.32,165.45,160.51,158.81,156.36,152.75,146.41,144.57,139.9,139.16,136.3,134.88,129.31,125.86,124.11,121.46,121.26
PHL,Philippines,Climate Watch,Total including LUCF,All GHG,MtCO₂e,253.07,246.22,235.96,246.15,239.48,233.65,216.97,206.55,197.88,190.78,179.98,175.15,173.5,167.6,164.27,160.44,153.88,159.81,158.39,154.88,151.99,150.26,150.78,149.56,143.21,149.91,141.94,133.06,120.58,112.63,106.29,103.14,103.35
ARE,United Arab Emirates,Climate Watch,Total including LUCF,All GHG,MtCO₂e,245.26,244.12,242.06,246.52,234.43,251.33,261.61,255.3,244.46,242.32,230.51,220.49,213.45,206.06,207.91,182.51,172.34,164.79,154.96,146.12,137.2,135.44,121.78,120.7,120.05,118.01,114.56,109.9,105.08,95.59,90.94,91.95,82.98
TKM,Turkmenistan,Climate Watch,Total including LUCF,All GHG,MtCO₂e,227.05,218.44,204.84,244.53,212.12,208.21,204.84,211.63,202.81,205.84,196.94,188.13,155.86,140.2,184.96,177.88,163.95,164.19,159.49,151.73,134.9,125.33,122.28,96.07,76.42,73.94,89.94,92.19,91.6,114.13,103.97,149.53,157.79
MMR,Myanmar,Climate Watch,Total including LUCF,All GHG,MtCO₂e,215.08,224.49,231.83,222.5,222.34,245.65,231.96,239.23,232.77,225.04,222.58,213.48,244.37,238.92,227.9,242.82,231.48,227.12,236.87,222.16,207.85,208,229.12,232.32,226.78,220,222.35,226.18,222.66,219.4,216.07,212.32,213.13
ETH,Ethiopia,Climate Watch,Total including LUCF,All GHG,MtCO₂e,215,213.94,219.58,211.43,199.49,196.61,194.33,188.36,185.31,179.54,174.53,168.12,167.11,161.28,156.57,151.94,140.77,134.83,130.71,128,129.01,120.31,112.82,116.11,114.8,108.49,103.86,100.53,99.32,97.83,103.64,102.37,101.54
PER,Peru,Climate Watch,Total including LUCF,All GHG,MtCO₂e,202.62,197.68,184.48,194.84,191.6,191.1,193.69,190.23,188.78,184.61,182.51,182.79,154.81,149.98,145.75,140.65,136.63,137.31,135.42,131.43,131.38,129.4,126.2,125.51,121.26,119.94,118.95,115.19,110.18,108.23,106.68,105.39,106.7
UZB,Uzbekistan,Climate Watch,Total including LUCF,All GHG,MtCO₂e,183.46,191.2,177.87,171.74,167.9,169.97,164.35,155.74,161.4,169.62,179.95,194.8,183.39,172.15,185.44,173.66,178.02,166.65,172.96,169.21,177.14,170.38,178.63,171.47,171.22,154.35,153.61,151.6,161.58,165.26,162.18,173.93,172.94
TZA,Tanzania,Climate Watch,Total including LUCF,All GHG,MtCO₂e,179.23,179.41,174.96,172.86,167.17,168.41,169.32,155.7,147.88,147.37,146.16,141.75,139.26,135.17,133.13,129.78,127.67,133.38,125.84,126.71,117.56,110.68,105.05,107.25,106.77,102.04,102.24,109.39,104.87,102.85,101.9,101.71,101.35
UKR,Ukraine,Climate Watch,Total including LUCF,All GHG,MtCO₂e,165.61,239.08,246.31,253.51,264.24,247.68,280.55,264.19,330.04,376.25,382.94,392.03,354.77,335.45,396.54,410.48,396.68,388.35,400.63,425.85,400.07,393.04,367.02,377.9,383.05,410.97,434.48,505.47,533.47,633.7,724.24,815.29,869.58
NLD,Netherlands,Climate Watch,Total including LUCF,All GHG,MtCO₂e,155.16,167.86,164.19,181.13,186.39,192.46,196.35,195.83,186.99,194.84,195.87,197.74,210.88,200.24,204.98,207.37,208.01,212.78,218.87,217.3,217.19,218.35,219.16,221.93,238,237,245.03,233.18,231.02,229.54,224.9,224.73,220.69
AGO,Angola,Climate Watch,Total including LUCF,All GHG,MtCO₂e,139.42,141.11,139.08,152.37,143.7,160.74,160.64,164.65,157.99,158.2,156.56,155.93,156.86,151.04,148.47,142.06,134.17,136.59,133.3,128.47,121.73,118.63,92.63,99.08,101.29,91.16,91.81,88.32,83.82,80.78,78.08,76.69,76.01
BOL,Bolivia,Climate Watch,Total including LUCF,All GHG,MtCO₂e,137.66,138.8,133.47,141.16,128.44,128.06,129.95,119.14,115.53,115.35,115.71,115.36,130.79,104.22,106.21,112.77,106.58,104.78,110.77,95.21,99.11,92.29,112.17,122.53,116.53,116.62,114.04,114.48,116.14,117.13,118.49,117.66,116.45
KWT,Kuwait,Climate Watch,Total including LUCF,All GHG,MtCO₂e,133.25,128.19,121.39,127.4,129.71,126.97,129.85,125.07,121.99,123.7,120.58,117.57,110.63,108.18,109.62,102.86,105.47,101.98,92.56,86.94,80.48,78.99,76.34,68.9,66.96,62.69,60.17,60.63,60.96,52.55,35.36,10.62,42.5
SDN,Sudan,Climate Watch,Total including LUCF,All GHG,MtCO₂e,133.01,135.12,133.48,134.23,133.88,133.23,133.36,130.79,127.35,126.42,125.61,123.88,121.15,123.03,121.31,121.06,115.51,116.09,110.82,107.22,104.82,99.38,111.15,110.8,106.27,99.11,91.01,85.35,84.03,78.97,76.75,72.83,71.95
QAT,Qatar,Climate Watch,Total including LUCF,All GHG,MtCO₂e,129.39,124.04,121.82,123.68,121.68,122.6,120.74,118.72,115.23,109.08,107.94,98.99,88.33,77.8,75.96,70.31,62.72,56.29,54.26,50.23,46.09,42.2,42.58,41.48,38.06,36.42,28.68,25.89,25.03,22.47,19.63,20.29,17.19
TCD,Chad,Climate Watch,Total including LUCF,All GHG,MtCO₂e,122.33,117.87,114.31,108.85,106.02,101.29,99.69,97.12,91.52,88.92,87.15,82.91,71.23,66.81,66.3,65.73,62.9,60.92,58.89,54.79,53.87,51.13,48.53,48.29,45.72,40.43,38.75,34.79,33.81,32.84,31.9,30.88,24.22
MOZ,Mozambique,Climate Watch,Total including LUCF,All GHG,MtCO₂e,119.49,114.7,112.05,115.1,121.02,116.7,117.22,106.32,108.26,108.1,105.97,99.83,109.28,99.6,104.91,101.83,102.99,104.03,99.98,98.9,93.35,96.44,74.26,75.63,76.61,72.68,74.78,90.2,89.69,89.43,88.77,88.19,88.46
ZWE,Zimbabwe,Climate Watch,Total including LUCF,All GHG,MtCO₂e,114.97,113.09,111.37,114.16,115.37,113.65,113.97,40.6,38.93,40.81,41.32,45.12,38.57,35.53,34.82,36.67,36.05,37.4,37.01,37.1,39.73,43.3,41.93,48.55,46.11,44.72,45.52,43.41,43.51,44.02,47.47,46.39,46.09
CZE,Czech Republic,Climate Watch,Total including LUCF,All GHG,MtCO₂e,107.13,108.61,103.15,112.89,118.32,119.54,119.37,119.96,118.18,120.88,126.21,129.79,129.18,127.93,134.36,139.85,138.18,137.1,138.61,138.36,135.14,140.48,138.49,126.71,135.39,142.44,145.52,141.29,142.56,149.67,156.58,161.72,178.21
OMN,Oman,Climate Watch,Total including LUCF,All GHG,MtCO₂e,106.92,101.09,95.24,99.16,98.12,93.95,93.7,92.59,88.41,84.82,80.95,72.62,65.74,61.59,58.18,58.43,55.8,47.94,48.01,48.81,46.85,45.22,41.53,37.29,34.34,35.37,33.97,32.97,29.36,27.15,25.45,25.54,21.38
LBY,Libya,Climate Watch,Total including LUCF,All GHG,MtCO₂e,103.82,108.51,68.82,106.86,102.51,95.06,75.55,79.54,88.4,103.03,117.51,66.83,120.17,113.9,115.97,111.67,115.53,113.48,104.94,101.87,93.67,94.02,97.24,93.6,95.22,95.22,101.78,99.22,91.55,78.51,71.89,79.04,75.05
MAR,Morocco,Climate Watch,Total including LUCF,All GHG,MtCO₂e,101.02,102.31,95.5,99.57,92.7,91.04,86.64,87.97,85.58,84.08,83.64,85.99,82.1,77.08,75.84,71.35,69.15,66.2,62.63,55.28,53.88,50.97,45.55,44.34,42.16,41.26,39.3,38.69,37.95,34.75,34.44,32.79,31.58
ZMB,Zambia,Climate Watch,Total including LUCF,All GHG,MtCO₂e,99.02,96.55,99.06,102.63,101.36,102.13,100.75,101.59,95.64,95.46,95.29,92.03,76.81,67.51,71.11,67.08,64.55,71.72,70.21,68.28,59.5,56.86,48.4,51.92,53.42,52.07,51.46,63.38,63.46,64.03,64.35,64.04,63.64
ECU,Ecuador,Climate Watch,Total including LUCF,All GHG,MtCO₂e,98.2,95.72,91.42,98.45,97.83,97.18,98.37,90.48,92.32,90.61,87.5,87.82,99.42,95.92,92.93,91.39,92.17,89.93,88.62,83.63,82.61,83.55,86.63,87.48,90.5,92.63,90.99,87.02,84.75,81.62,80.07,77.83,77.35
BEL,Belgium,Climate Watch,Total including LUCF,All GHG,MtCO₂e,96.95,104.44,100.68,108.82,109.97,109.12,110.96,109.84,104.88,111.26,111.16,112.41,122.66,116.25,121.8,118.92,123.44,127.3,130.05,131.95,128.38,134.57,132.02,131.44,135.78,134.46,141.21,136.91,136.02,130.7,132.53,134.56,130.83
PRY,Paraguay,Climate Watch,Total including LUCF,All GHG,MtCO₂e,89.92,93,92.82,92.73,90.28,91.92,89.33,110.41,110.97,109.95,109.42,108.42,95.6,93.34,91.31,94.01,90.24,90.52,89.08,91.59,90.23,89.65,73.19,78.87,76,76.36,75.54,76.06,74.36,74.17,73.59,74.1,76.87
BLR,Belarus,Climate Watch,Total including LUCF,All GHG,MtCO₂e,89.1,91.73,91.67,94.12,95.78,92.61,90.93,96.72,101.54,102.18,101.81,99.99,93.85,89.13,92.19,88.89,90.47,87.42,86.05,82.78,81.99,82.41,76.08,78.53,80.42,82.23,81.64,81.28,89.06,102.31,115.21,129.39,134.63
ISR,Israel,Climate Watch,Total including LUCF,All GHG,MtCO₂e,86.73,82.7,81.81,85.08,83.03,86.91,85.69,85.92,84.01,85.88,94.69,87.99,88.17,82.36,82.71,81.88,78.73,74.46,76.03,75.23,72.69,68.98,67.41,62.48,60.24,58.85,55.77,52.54,48.45,44.87,40.5,37.43,36.58
KEN,Kenya,Climate Watch,Total including LUCF,All GHG,MtCO₂e,83,80.8,84.4,76.57,68.46,66.93,68.97,79.43,77.93,75.08,74.58,75.62,81.3,79.95,79.48,78.25,61.02,60.45,60.06,57.23,55.93,54.84,36.08,37.19,35.24,34.03,34.3,35.02,33.91,33.47,33.6,33.52,34.78
MNG,Mongolia,Climate Watch,Total including LUCF,All GHG,MtCO₂e,82.01,78.87,76.63,80.04,76.62,74.65,71.42,68.76,67.44,65.01,62.52,59.29,56.35,59.07,57.86,57.73,54.94,52.01,49.21,49.4,49.65,51.55,54.97,53.78,53.64,54,51.75,52.29,51.3,53.12,54.34,56.59,54.35
ROU,Romania,Climate Watch,Total including LUCF,All GHG,MtCO₂e,79.09,83.39,77.62,84.13,85.62,84.29,80.95,-179.39,-181.48,-180.87,-171.53,-168.84,109.14,112.29,128.36,130.45,133.26,129.81,130.37,132.62,127.67,130.06,128.54,124.53,140.43,156.8,168.86,165.33,159.92,164.28,175.54,196.23,235.86
KHM,Cambodia,Climate Watch,Total including LUCF,All GHG,MtCO₂e,78.58,81.78,80.35,77.15,74,73.57,71.39,105.17,103.2,102.24,101.82,104.37,39.32,40.27,38.89,39.11,38.04,34.11,35.48,34.5,31.85,28.69,28.84,30.6,31.05,27.31,25.88,29.87,25.99,27.29,26.37,25.79,26.15
SYR,Syria,Climate Watch,Total including LUCF,All GHG,MtCO₂e,78.29,78.75,77.14,75.05,71.7,68.24,61.64,63.01,67.17,72.98,112.01,163.73,173.41,173.9,178.62,177.16,176.17,177.01,171.15,201.17,204.62,193.18,185.82,189.19,188.9,184.68,185.79,187.26,178.85,174.26,163.34,147.16,126
PRK,North Korea,Climate Watch,Total including LUCF,All GHG,MtCO₂e,78.01,75.44,88.66,93.67,86.01,94.39,57.15,53.01,62.91,58.89,68.58,69.97,86.73,89.33,93.77,85.79,100.89,99.34,95.32,92.45,90.64,94.25,95.77,92.02,87.41,94.21,97.57,109.27,118.05,129.87,139.88,154.85,162.89
GRC,Greece,Climate Watch,Total including LUCF,All GHG,MtCO₂e,76.81,76.35,73.73,83.29,88.99,91.46,91.16,92.43,94.2,97.33,105.08,109.53,110.17,116.52,122.5,126.44,121.97,125.25,123.58,123.61,120.84,120.55,120.73,116.02,114.57,109.98,108.71,107.22,101.81,98.72,97.69,95.76,95.53
CMR,Cameroon,Climate Watch,Total including LUCF,All GHG,MtCO₂e,76.19,75.6,76.55,75.12,74.08,73.32,73.74,72.68,70.62,69.23,67.43,67.2,75.66,75.34,75.67,75.32,75.33,78.55,75.95,78.77,75.58,75.08,89.73,88.23,89.44,85.31,84.32,82.51,82.94,85.73,88.32,88.44,79.42
CIV,Côte d'Ivoire,Climate Watch,Total including LUCF,All GHG,MtCO₂e,75.78,73.21,67.55,65.65,63.23,62.63,60.71,58.27,58.11,58.05,56.55,54.82,54.83,54.21,55.03,54.87,54.72,54.94,52.96,53.41,55.56,54.88,88.72,88.74,86.6,85.86,84.14,83.13,82.19,79.04,76.06,73.1,70.08
SRB,Serbia,Climate Watch,Total including LUCF,All GHG,MtCO₂e,68.81,67.51,69.23,67.95,67.69,69.22,68.43,63.93,57.09,65.36,64.9,69.54,32.1,31.71,34.47,36.1,37.05,34.51,41.89,36.36,33,29.3,57.85,55.88,74.33,74.56,69.6,61.98,55.48,59.13,64.94,70.24,80.72
NZL,New Zealand,Climate Watch,Total including LUCF,All GHG,MtCO₂e,68.8,71.63,71.52,74.45,73.39,74.58,73.09,68.16,69.04,68.3,68.87,66.19,60.87,60.76,63.62,63.62,64.87,64.84,63.48,63.98,61.64,60.53,54.73,54.52,52.33,54.1,51.59,51.17,49.8,48.19,48.95,48.15,48.47
IRL,Ireland,Climate Watch,Total including LUCF,All GHG,MtCO₂e,68.44,69.85,67.16,69.38,71.35,74.07,74.95,72.58,70.7,70.34,71.24,69.81,73.87,75.11,80.56,81.53,83.12,82.66,81.18,81.79,80.71,82.03,79.47,76.27,74.54,71.3,70.02,68.7,67.98,66.57,65.94,65.77,65.18
SSD,South Sudan,Climate Watch,Total including LUCF,All GHG,MtCO₂e,67.42,70.46,74.45,65.02,74.37,67.86,70.45,66.92,66.83,64.81,64.44,60.8,60.73,62.48,61.6,61.63,58.59,60.8,58.78,57.54,56.2,53.65,61.05,60.88,58.98,54.91,51.09,47.84,46.97,44.93,42.97,40.5,39.6
SGP,Singapore,Climate Watch,Total including LUCF,All GHG,MtCO₂e,64.41,62.56,59.8,60.64,60.12,61.82,58.91,58.73,57.19,56.21,55.28,55.72,53.12,49.67,48.64,48.01,47.15,47.07,50.05,48.88,52.07,52.55,52.37,47.84,46.87,46.87,47.03,45.89,45.78,43.87,39.08,38.1,36.63
AUT,Austria,Climate Watch,Total including LUCF,All GHG,MtCO₂e,64.16,67.99,64.81,70.39,69.31,72.35,70.28,70.03,68.7,72.5,71.86,75.32,77.93,72.21,79.26,79.55,82.54,84.75,84.73,83.84,78.97,77.46,65.86,65.67,67.51,67.59,68.61,64.91,62.34,62.17,62.56,68.32,64.04
UGA,Uganda,Climate Watch,Total including LUCF,All GHG,MtCO₂e,63.84,63.99,62,60.68,61.2,59.76,59.43,57.85,55.96,54.61,54.3,52.39,51.84,50.08,49.53,42.77,39.93,41.16,39.04,38.91,37.04,36.13,36.54,36.72,36.84,35.35,33.87,32.93,32.19,32.45,32.01,31.63,31.07
HUN,Hungary,Climate Watch,Total including LUCF,All GHG,MtCO₂e,60.86,64.71,63.34,64.93,64.94,64.95,62.77,61.1,58.2,58.3,60.63,64.21,65.93,65.91,71.5,72.89,75.39,76.09,76.85,78.13,75.65,77.21,74.63,77.62,76.92,77.02,78.64,76.56,77.98,78.17,77.65,87.26,92.01
BFA,Burkina Faso,Climate Watch,Total including LUCF,All GHG,MtCO₂e,60.42,60.34,54.48,58.46,57.49,56.54,55.55,35.7,34.39,33.87,33.13,32.46,42.5,40.82,40.09,39.12,38.38,38.33,37.59,36.83,33.25,32.44,30.56,29.13,29.22,28.27,27.65,26.41,25.93,25.59,25.29,24.94,24.51
BHR,Bahrain,Climate Watch,Total including LUCF,All GHG,MtCO₂e,60.27,58.17,57.33,57.33,53.96,53.25,52.35,51.7,50.82,48.63,45.71,44.14,44.29,42.4,41.88,40.07,38.37,35.54,31.65,30.81,30.69,28.79,28.4,27.5,27.17,25.47,24.37,23.14,22.45,22.12,19.97,17.23,17.51
BWA,Botswana,Climate Watch,Total including LUCF,All GHG,MtCO₂e,59.54,62.7,53.94,52.18,54.98,56.47,52.53,53.75,54.26,55.61,55.13,69.91,64.02,52.06,62.11,52.72,54.25,52.32,50.76,50.32,58.42,58.09,55.28,55.65,55.65,55.94,56.39,55.52,54.61,54.31,54.61,54.31,54.91
FIN,Finland,Climate Watch,Total including LUCF,All GHG,MtCO₂e,59.43,61.77,61.6,66.48,69.36,67.92,70.52,6.52,10.05,14.13,13.45,19.07,66.6,58.41,61.77,70.1,72.12,60.37,72.73,76.53,68.23,65.86,44.67,45.82,46.33,49.93,51.84,45.39,49.38,42.76,41.53,44.64,44.69
NPL,Nepal,Climate Watch,Total including LUCF,All GHG,MtCO₂e,56.72,60.23,58.45,56.1,56.18,53.83,53.67,46.34,47.43,46.29,44.41,44.68,36.45,34.77,33.02,31.74,30.79,31.49,30.58,30.52,28.94,29.66,31.69,31.29,29.88,29.02,28.46,28.4,27.5,25.92,25.8,24.88,25.05
CAF,Central African Republic,Climate Watch,Total including LUCF,All GHG,MtCO₂e,55.53,54.25,53.52,53.15,55.33,54.42,60.21,50.81,50.01,53.56,55.72,59.63,55.95,46.73,59.26,61.09,57.21,59.98,51.67,62.31,46.91,52.53,42.38,41.25,45.06,39.65,36.16,49.8,49.65,49.51,49.45,49.37,49.05
AZE,Azerbaijan,Climate Watch,Total including LUCF,All GHG,MtCO₂e,54.83,52.45,50.07,52.16,50.32,49.04,49.89,48.65,48.99,48.04,47.32,44.64,43.83,45.28,49.47,45.02,45.5,42.82,39.55,39.43,36.73,36.68,37.58,35.76,35.37,34.69,35.1,40.56,41.52,63.57,86.55,77.64,80.75
PRT,Portugal,Climate Watch,Total including LUCF,All GHG,MtCO₂e,54.69,53.99,55.89,61.8,66.42,71.02,65.62,65.64,61.76,62.22,63.98,65.76,68.39,74.03,74.71,76.74,78.21,83.62,79.88,78.52,82.96,78.45,80.01,80.32,73.5,68.41,66.09,67.57,64,62.19,63.36,59.4,57.77
CHL,Chile,Climate Watch,Total including LUCF,All GHG,MtCO₂e,53.01,51.41,50.08,56.81,50.57,51.62,48.9,21.43,15.26,22.56,19.25,16.53,54.54,49.77,52.44,48.63,41.36,40.02,39.02,33.36,31.99,31.13,51.64,55.72,52.94,52.01,44.88,38.56,34.9,30.88,28.23,26.58,27.71
PNG,Papua New Guinea,Climate Watch,Total including LUCF,All GHG,MtCO₂e,50.41,49.97,50.15,49.02,48.31,48.05,48.04,47.92,43.54,40.31,39.97,40.22,33.1,33.23,33.09,33.49,33.72,33.76,34.88,33.65,33.47,32.72,33.1,32.02,30.85,45.21,30.09,30.3,28.67,28.69,27.44,26.51,27.81
MLI,Mali,Climate Watch,Total including LUCF,All GHG,MtCO₂e,47.3,48.37,46.95,44.68,42.7,41.26,40.21,35.86,34.48,33.58,32.55,31.74,30.87,29.03,28.68,27.3,26.26,25.99,25.1,22.78,22.12,21.77,24.71,25.49,24.45,20.06,19.22,18.83,18.43,18.12,17.86,17.76,17.83
NER,Niger,Climate Watch,Total including LUCF,All GHG,MtCO₂e,47.05,44.85,42.64,40.66,38.84,37.08,35.8,34.26,33.22,31.66,29.64,27.68,27.03,27.09,25.85,24.76,23.67,22.87,22.05,21.23,20.39,19.68,23.47,23.62,23.09,22.21,21.32,20.59,20.03,19.56,18.92,18.45,18.02
SOM,Somalia,Climate Watch,Total including LUCF,All GHG,MtCO₂e,46.55,46.56,46.64,46.38,46.2,45.91,45.86,45.72,45.58,45.35,45.17,44.8,44.57,44.29,44.19,44.09,45.15,46.39,45.85,45.45,45.12,44.63,43.97,43.66,43.42,43.43,42.89,42.28,41.55,39.5,37.41,39.43,42.58
LAO,Laos,Climate Watch,Total including LUCF,All GHG,MtCO₂e,45.91,46.05,45.35,42.29,41.37,41.1,39.93,31.39,26.68,26.41,25.32,23.17,30.87,26.69,25.3,30.4,24.58,25.78,28.73,23.87,23.26,21.97,21.52,21.04,22.43,20.61,20.96,20.88,20.83,20.45,20.44,20.12,20.22
SLB,Solomon Islands,Climate Watch,Total including LUCF,All GHG,MtCO₂e,45.81,45.82,45.82,45.82,45.82,45.81,45.81,-17.42,-17.39,-17.34,-17.38,-17.38,2.13,2.12,2.1,2.09,2.08,2.07,2.06,2.04,2.02,2.01,4.42,4.21,4.2,4.2,4.19,4.18,4.17,4.16,4.15,4.14,4.13
DOM,Dominican Republic,Climate Watch,Total including LUCF,All GHG,MtCO₂e,44.94,42.27,39.26,40.66,37.81,35.37,36.13,35.26,32.92,32.69,33.01,32.28,35.42,33.68,33.81,33.28,31.65,29.36,27.67,27.95,29.91,27.1,20.61,19.92,19.37,17.38,15.76,14.89,14.43,12.44,11.89,10.41,9.25
GTM,Guatemala,Climate Watch,Total including LUCF,All GHG,MtCO₂e,44.4,45.39,42.57,43.81,42.48,40.57,40.98,43.64,40.51,39.44,38.04,37.29,42.66,42.83,40.91,42.14,40.15,41.18,38.41,39.88,37.56,35.65,39.07,36.74,37.84,34.05,33.78,33.44,32.36,32.22,31.61,30.35,29.99
MDG,Madagascar,Climate Watch,Total including LUCF,All GHG,MtCO₂e,43.45,42.73,42.13,42.53,40.88,42.45,42.96,40.72,39.93,39.37,40.2,39.68,51.71,51.02,49.86,51.2,49.76,51.68,47.24,48.38,45.71,48.34,56.04,57.38,57.71,56.48,57.1,56.46,55.78,55.95,55.53,55.24,55.22
DNK,Denmark,Climate Watch,Total including LUCF,All GHG,MtCO₂e,42.88,44.64,43.2,45.42,49.15,49.45,51.78,47.21,49.32,53.5,52.03,57.02,64.3,64.08,66.77,70.26,74.96,67.22,70.9,77.01,71.52,72.3,71,74.79,77.79,81.77,91.59,78.2,81.32,77.69,75.17,81.3,70.53
GIN,Guinea,Climate Watch,Total including LUCF,All GHG,MtCO₂e,41.52,39.67,40.18,38.92,37.23,37.43,37.03,33.44,32.85,32.52,32.46,31.21,29.95,27.49,27.07,26.4,26.09,25.72,24.25,24.27,23.91,22.78,21.91,21.57,22.12,20.72,20.38,20.94,20.62,20.16,19.73,19.3,19.01
CHE,Switzerland,Climate Watch,Total including LUCF,All GHG,MtCO₂e,41.47,44.87,43.15,45.72,45.95,47.32,48.25,47.86,48.59,52.48,51.44,50.18,54.2,52.56,54.15,52.63,54.58,54.92,54.21,53.73,52.63,54.24,53.53,54.28,54.15,52.7,54.17,53.57,52.67,53.61,55.93,56.07,53.86
TUN,Tunisia,Climate Watch,Total including LUCF,All GHG,MtCO₂e,40.26,41.12,39.2,39.61,40.09,39.78,39.24,47.89,48.07,46.54,45.85,43.39,39.7,37.47,37.01,36.62,34.76,33.56,32.82,31.22,31.12,30.88,30.31,29.16,28.1,26.75,26.33,24.78,24.55,25.04,24.64,23.14,22.47
NIC,Nicaragua,Climate Watch,Total including LUCF,All GHG,MtCO₂e,40.16,39.88,39.49,39.51,39.05,39.18,39.33,30.47,29.55,28.62,28.33,27.98,39.51,39.08,39.03,39.14,38.98,38.81,38.22,38.78,37.61,37.16,33.04,32.46,31.86,30.89,30.01,30.03,30.72,30.35,29.58,28.55,30
LKA,Sri Lanka,Climate Watch,Total including LUCF,All GHG,MtCO₂e,37.42,39.62,39.53,39.9,37.55,38.17,39.37,34.75,32.35,29.91,32.81,31.01,30.73,29.28,29.96,29.55,28.56,30.02,27.89,27.7,26.32,25.45,27.71,28.36,28.83,31.29,33.12,33.1,35.04,31.14,27.92,23.03,23.51
SEN,Senegal,Climate Watch,Total including LUCF,All GHG,MtCO₂e,36.62,34.98,32.8,31.87,30.88,30.44,30.29,28.16,27.57,26.98,26,26.56,27.61,26.63,25.9,24.97,24.85,24.32,23.94,22.23,23.26,23.91,25.49,25.59,23.33,22.04,21.48,19.84,19.41,18.89,18.37,17.52,17.27
URY,Uruguay,Climate Watch,Total including LUCF,All GHG,MtCO₂e,35.22,36.32,33.29,35.35,35.06,35.29,36.13,30.79,30.92,31.44,32.49,31.83,27.21,29.74,30.22,27.59,28.67,26.51,26.34,24.47,23.58,23.15,20.28,22.23,21.21,20.91,21.24,19.93,19.75,19.88,19.32,17.67,16.03
SVK,Slovakia,Climate Watch,Total including LUCF,All GHG,MtCO₂e,34.26,36.95,33.89,36.02,38.02,38.71,36.74,29.42,29.13,31.79,31.28,33.31,34.19,32.48,36,36.08,37.03,37.55,36.82,37.51,37.35,38.03,36.45,39.11,40.6,41.81,41.98,42.04,41.55,44.44,47.15,49.76,57.8
SWE,Sweden,Climate Watch,Total including LUCF,All GHG,MtCO₂e,34.15,36.81,34.51,35.8,36.35,38.36,38.51,33.54,33.59,34.78,36.58,39.35,54.32,48.59,52.34,53.52,55.48,56.98,60.6,61.91,60.85,59.49,74.17,78.08,79.34,78.51,84.7,79.13,79.52,77.69,77.76,75.16,74.54
JOR,Jordan,Climate Watch,Total including LUCF,All GHG,MtCO₂e,32.78,30.87,29.68,31.71,33.25,34.23,32.62,32.83,32.83,30.91,31.04,27.49,26.94,27.29,26.66,27.42,26.27,25.87,24.29,22.79,22.2,21.35,21.18,20.83,21.96,22.96,23.65,24.62,25.17,21.84,18.95,13.9,13.89
COG,Congo,Climate Watch,Total including LUCF,All GHG,MtCO₂e,31.71,29.47,30.69,31.49,30.27,27.26,26.73,26.08,25.48,26.01,25.23,27.47,27.22,25.03,23.67,23.04,25.78,23.89,21.82,21.1,19.6,21.88,22.58,22.47,21.82,20.37,19.54,19.28,18.49,19.54,19.93,19.49,19.49
NOR,Norway,Climate Watch,Total including LUCF,All GHG,MtCO₂e,30.76,31.38,31.09,32.73,34.12,34.71,35.04,35.86,35.14,35.29,34.58,34.97,32.11,29.93,30.77,30.3,29.9,29.51,30.55,30.26,28.12,28.72,36.26,41.83,39.79,38.54,36.79,36.8,37.01,34.98,32.48,32.21,34.9
AFG,Afghanistan,Climate Watch,Total including LUCF,All GHG,MtCO₂e,30.72,30.81,32.08,31.14,30.89,29.75,29.11,29.66,29.58,29.3,30.09,31.86,28.61,24.35,21.61,18.63,17.9,17.45,16.21,16.59,15.81,12.96,12.29,14.21,13.23,12.36,11.34,10.22,9.78,9.64,9.37,9.81,11.26
YEM,Yemen,Climate Watch,Total including LUCF,All GHG,MtCO₂e,29.14,30.04,30.08,31.04,29.38,25.54,23.86,30.04,57.17,61.61,51.92,58.53,67.65,66.71,64.52,66.22,68.3,69.41,67.18,68,64.97,64.85,63.21,57.5,53.4,51.67,48.96,48.22,46.54,34.69,30.96,30.76,28.84
CUB,Cuba,Climate Watch,Total including LUCF,All GHG,MtCO₂e,28.86,31.38,28.55,33.11,37.79,37.43,38.71,31.12,29.24,31.39,31.13,30.15,32.64,31.54,30.58,31.26,30.43,29.5,29.5,30.22,32.55,33.56,34.02,33.71,33.37,33.92,31.81,29.27,28.29,26.46,29.57,35.3,44.11
HND,Honduras,Climate Watch,Total including LUCF,All GHG,MtCO₂e,27.45,27.22,27.49,27.06,26.07,25.83,27.06,28.19,27.35,27.28,26.58,26.7,23.79,23.82,23.77,23.48,22.69,22.42,21.65,22.58,19.73,19.42,19.67,19.17,20.78,20.31,19.87,20.43,19.69,18.91,19.08,18.69,18.6
BEN,Benin,Climate Watch,Total including LUCF,All GHG,MtCO₂e,26.35,25.67,27.37,27.16,26.71,25.45,25.27,23.57,23.16,22.68,22,22.07,21.97,21.77,21.09,21.37,20.61,20.28,19.08,18.93,18.87,17.8,23.41,23.29,23.37,22.27,21.92,20.22,20.42,20.13,20.05,19.92,19.81
PAN,Panama,Climate Watch,Total including LUCF,All GHG,MtCO₂e,25.88,24.73,23.62,27.75,23.21,22.09,22.5,22.28,22.39,21.91,21.98,21.48,20.4,19.33,17.57,17.73,17.66,17.12,15.43,15.45,15.14,15.89,15.98,16.08,16.97,15.94,16.04,16.08,15.91,15.52,15.16,14.31,13.84
BIH,Bosnia and Herzegovina,Climate Watch,Total including LUCF,All GHG,MtCO₂e,25.75,25.22,25.52,25.5,27.23,27.09,26.62,21.93,21.7,24.24,24.64,26.34,27.47,27.43,27.48,25.49,24.39,22.58,21.87,20.74,20.41,20.27,23.72,19.91,19.76,17.05,12.35,11.55,11.7,22.16,25.46,31.26,33.99
LTU,Lithuania,Climate Watch,Total including LUCF,All GHG,MtCO₂e,24.53,25.37,25.02,25.07,24.93,25.11,25.18,19.65,19.35,19.71,20.49,20.25,27.14,25.93,27.77,28.13,27.65,27.4,26.47,25.71,25.55,25.21,25.51,27.34,30.16,29.39,29.66,29.11,30.74,32.61,38.65,52.76,51.03
TTO,Trinidad and Tobago,Climate Watch,Total including LUCF,All GHG,MtCO₂e,24.15,23.18,25.29,27.59,28.04,28.3,28.2,31.86,32.83,32.93,32,32.74,31.94,28.87,29.84,30.02,29.42,25.96,23.71,22.61,18.73,16.88,15.11,14.34,13.96,13.78,13.49,12.46,12.94,17,21.9,22.17,22.75
NAM,Namibia,Climate Watch,Total including LUCF,All GHG,MtCO₂e,22.23,24.51,23.46,20.8,21.76,22.6,22.53,21.7,21.46,22.27,29.69,28.13,22.92,24.17,21.08,22.58,23.32,21.99,21.13,20.62,20.01,21.16,21.53,20.75,20.72,20.01,20.16,20.24,20.13,19.84,19.88,19.93,N/A
GAB,Gabon,Climate Watch,Total including LUCF,All GHG,MtCO₂e,22.19,21.49,22.11,22.44,21.35,22.13,23.55,23.37,22.97,22.66,22.62,23.08,19.89,19,19.17,18.44,19.16,20.62,21.03,21.3,19.79,20.48,20.99,21.75,22.93,21.88,22.01,21,19.69,18.44,18.25,18.19,16.99
MWI,Malawi,Climate Watch,Total including LUCF,All GHG,MtCO₂e,20.4,19.89,19.95,19.35,18.39,16.62,16.59,16.16,15.8,15.3,15.26,14.77,14.85,13.68,13.87,13.31,12.77,12.87,12.54,12.71,12.2,11.88,11.78,11.81,11.82,11.58,11.7,11.66,11.45,11.82,11.69,11.69,11.52
GUY,Guyana,Climate Watch,Total including LUCF,All GHG,MtCO₂e,19.91,18.76,18.83,17.9,17.55,17.44,17.3,20.05,19.95,19.71,19.54,19.31,11.59,11.33,11.29,11.15,10.83,11.03,11.39,11.13,10.83,10.94,10.19,10.54,10.56,10.41,10.13,9.86,9.14,8.83,8.02,8.01,7.93
GEO,Georgia,Climate Watch,Total including LUCF,All GHG,MtCO₂e,19.39,17.76,17.07,17.19,16.36,16.78,16.88,16.55,16.27,15.54,14.88,13.71,8.4,8.1,8.71,9.88,8.94,7.1,6.7,6.76,6.17,6.67,-5.6,-5.49,-4.75,-3.71,-2.39,-0.35,2.26,8.91,13.6,19.72,28.32
HRV,Croatia,Climate Watch,Total including LUCF,All GHG,MtCO₂e,19.24,18.92,18.32,19.1,18.92,20,19.19,21.84,21.18,21.88,22.86,24.75,25.65,26.16,28.51,29.32,27.79,27.11,26.83,26.88,25.47,24.21,23.04,23.51,22.59,22.07,20.72,20.21,19.79,20.65,20.9,21.61,27.82
BGR,Bulgaria,Climate Watch,Total including LUCF,All GHG,MtCO₂e,19.19,17.06,11.24,16.38,18.24,21.56,19.41,44.03,41.59,38.94,44.06,49.68,32.43,30.66,38.09,40.51,36.31,36.2,36.14,37.32,32.14,34.45,33.93,34.43,41.13,44.65,47.7,46.99,45.6,49.54,51.01,56.71,73.7
MRT,Mauritania,Climate Watch,Total including LUCF,All GHG,MtCO₂e,18.6,18.41,17.99,17.34,16.58,16.25,15.76,17.76,16.18,15.35,15.36,14.55,14.43,13.97,12.52,13.52,13.39,12.02,12.16,12.06,12.04,11.74,11.27,10.93,10.33,9.93,9.63,9.01,8.76,8.82,8.53,8.58,8.3
TJK,Tajikistan,Climate Watch,Total including LUCF,All GHG,MtCO₂e,18.3,17.86,17.59,17.07,15.71,14.31,13.18,11.74,11.14,9.58,9.17,8.34,9.23,9.18,9.57,9.71,8.75,8.18,8.24,7.31,7.74,7.27,7.86,8.07,8.42,8.56,8.28,9.17,10.11,13.03,17.34,17.5,18.56
EST,Estonia,Climate Watch,Total including LUCF,All GHG,MtCO₂e,17.93,16.34,15.06,18.09,23.75,24.76,23.83,14.37,17.51,18.87,16.89,18.38,23.23,18.72,22.22,24.49,20.79,21.44,21.54,21.28,19.39,19.81,19.53,19.98,20.57,21.9,22.32,21.53,23.58,23.59,28.92,38.32,41.29
GHA,Ghana,Climate Watch,Total including LUCF,All GHG,MtCO₂e,17.75,17.03,16.93,12.5,10.77,9.62,6.37,60.71,59.13,59.63,57.36,55.61,69.77,68.14,67.01,67.32,67.14,65.94,63.83,64.68,64.72,63.6,29.92,30.29,31.38,27.95,26.61,25.45,25.01,24.81,24.69,24.29,24.22
KGZ,Kyrgyzstan,Climate Watch,Total including LUCF,All GHG,MtCO₂e,15.83,15.5,14.06,14.72,15.82,13.5,13.28,16.21,15.87,15.48,15.91,13.23,13.8,14.55,14.73,13.25,12.09,12.16,12.05,11.52,10.36,9,8.46,8.36,9.57,9.32,9.6,8.82,11.64,16.27,20.83,28.12,30.61
LBN,Lebanon,Climate Watch,Total including LUCF,All GHG,MtCO₂e,15.7,21.94,26.99,32.09,32.43,34.1,32.49,31.55,29.54,27.44,29.01,26.48,25.98,26.84,23.38,19.52,20.52,21.4,21.88,21.24,20.46,20.38,18.98,20.17,19.21,18.87,16.68,15.65,13.36,12.16,8.49,8.16,6.68
SVN,Slovenia,Climate Watch,Total including LUCF,All GHG,MtCO₂e,15.53,15.91,15.65,16.88,17.29,17.45,17.28,13.48,13.4,14.9,15.53,16.15,7.31,7.02,9.01,8.02,8.07,7.76,7.53,7.34,7.37,7.32,8.51,8.69,9.34,9.59,9.11,8.31,7.48,7.45,6.74,7.08,8.08
LBR,Liberia,Climate Watch,Total including LUCF,All GHG,MtCO₂e,14.97,14.91,14.95,15.39,14.72,14.83,14.83,16.03,15.27,15.01,15.03,14.95,14.78,15.53,14.53,14.54,14.78,14.46,14.4,14.37,14.22,14.19,14.2,14.17,14.27,14.2,14.16,14.25,14.24,14.25,14.26,14.22,14.33
SLV,El Salvador,Climate Watch,Total including LUCF,All GHG,MtCO₂e,14.81,14,12.85,14.18,13.33,12.96,13.81,13.89,13.46,13.21,14.01,13.82,13.99,14.24,14.57,15.09,14.56,14.01,13.59,13.2,12.6,12.31,11.62,12.58,12.36,12.24,11.39,11.43,11.16,10.44,9.85,9.25,8.46
SUR,Suriname,Climate Watch,Total including LUCF,All GHG,MtCO₂e,13.35,13.19,13.1,13.15,12.56,12.92,13.44,12.03,11.94,11.55,11.71,11.25,6.73,6.42,6.33,6.18,6.31,6.41,6.19,5.84,5.59,6.17,5.76,6.49,6.62,6.59,6.65,6.51,6.4,6.38,6.38,6.27,5.93
MDA,Moldova,Climate Watch,Total including LUCF,All GHG,MtCO₂e,12.6,14.3,13.38,13.83,13.62,13.03,13.08,12.3,12.2,11.64,12.54,12.87,12.11,11.13,11.82,11.89,11.64,12,11.62,11.63,11.03,10.87,11.34,12.2,13.8,15.32,17.03,18.96,21.07,24.17,27.69,32.69,38.74
GNQ,Equatorial Guinea,Climate Watch,Total including LUCF,All GHG,MtCO₂e,12.2,12.38,13.11,13.07,13.75,14.21,15.3,16.19,17.16,15.69,16.05,15.89,16.78,16.41,18.52,19.39,18.86,18.97,18.34,14.27,12.9,13.17,10.49,11.14,9.37,8.07,6.4,6.01,5.84,5.71,5.56,4.32,4.11
BRN,Brunei,Climate Watch,Total including LUCF,All GHG,MtCO₂e,11.93,12.61,12.63,10.29,10.53,10.29,9.91,9.29,10.12,10.19,10.44,10.52,11.2,11.91,12.16,11.25,11.78,9.03,9.18,9.72,8.55,8.53,8.6,8.14,12.51,9.01,8.37,8.22,7.82,7.49,6.97,6.57,6.34
JAM,Jamaica,Climate Watch,Total including LUCF,All GHG,MtCO₂e,11.9,11.02,10.35,11.49,11.41,9.86,9.49,9.01,9.12,9.33,8.87,9.41,6.69,7.08,8.79,11.21,11.29,10.07,10.11,10.2,9.77,9.58,12.43,12.29,11.98,11.41,11.26,10.91,10.56,10.46,10.19,9.26,9.27
MKD,North Macedonia,Climate Watch,Total including LUCF,All GHG,MtCO₂e,11.79,11.05,11.1,12.24,11.34,11.85,11.33,11.46,11.72,12.05,12.99,13.43,12.47,12.57,13.26,13.46,12.95,12.95,12.66,12.9,12.13,12.72,12.7,13,13.93,13.16,14.3,12.72,12.8,12.96,12.62,13.08,13.43
HTI,Haiti,Climate Watch,Total including LUCF,All GHG,MtCO₂e,11.59,11.63,11.61,11.86,11.97,11.79,11.78,11.55,11.2,10.8,10.52,10.72,9.81,9.25,9.21,9.16,8.74,8.67,8.55,8.68,8.64,8.37,8.38,7.86,7.72,7.58,7.13,6.84,6.04,6.39,6.76,6.31,6.07
ARM,Armenia,Climate Watch,Total including LUCF,All GHG,MtCO₂e,11.57,11.25,10.6,9.98,9.87,9.56,9.58,9.14,9.36,9.33,9.41,8.26,7.72,7.9,9.06,8.56,7.9,7.53,6.8,6.41,5.98,6.31,6.21,5.9,6.48,6.56,5.91,7.04,6.5,9.03,15.21,25.53,24.94
LVA,Latvia,Climate Watch,Total including LUCF,All GHG,MtCO₂e,10.85,11.51,11.34,11.98,12.12,11.63,11.67,11.98,11.96,12.08,12.16,12.39,1.87,0.72,1.46,1.73,1.29,0.77,0.61,0.62,0.32,0.28,0.96,1.55,2.1,2.51,3.06,3.06,4.64,7.7,10.93,13.58,15.28
SLE,Sierra Leone,Climate Watch,Total including LUCF,All GHG,MtCO₂e,10.41,10.7,9.57,9.44,10.56,9.97,10.02,10.07,10.02,9.63,9.47,8.6,8.12,8.05,7.75,7.94,8.78,7.63,7.48,7.18,6.57,6.12,5.9,5.92,6.19,6.09,6.07,6.36,6.49,6.49,6.36,6.3,6.32
TGO,Togo,Climate Watch,Total including LUCF,All GHG,MtCO₂e,10.1,9.47,9.34,8.59,8.22,7.83,8.22,7.8,7.07,7.61,7.73,8.16,7.72,7.91,6.4,6.08,6.4,6.93,6.04,6.25,5.59,5.15,7.29,7.83,7.4,6.47,6.74,6.14,6.18,5.91,6.05,6.36,6.53
RWA,Rwanda,Climate Watch,Total including LUCF,All GHG,MtCO₂e,9.8,9.45,9.32,9.12,8.93,8.68,8.47,8.64,7.96,7.97,7.77,7.59,8.59,8.27,8.11,7.86,7.69,7.37,7.53,7.42,7.31,7.09,7.15,8.04,7.74,7.86,7,6.66,5.68,6.03,6.1,6.15,6.17
CRI,Costa Rica,Climate Watch,Total including LUCF,All GHG,MtCO₂e,9.06,8.68,7.42,8.77,8.76,8.5,8.29,7.36,7.4,7.46,6.97,6.98,13.17,12.99,13.37,13.19,11.75,11.36,10.81,10.78,10.4,10.37,12.96,13.16,13.33,12.63,12.61,12.8,13.23,12.85,12.75,11.61,11.29
ALB,Albania,Climate Watch,Total including LUCF,All GHG,MtCO₂e,8.61,9.32,9.09,9.63,10.05,10.23,9.43,8.97,9.28,8.82,8.57,9.09,8.41,7.94,7.7,8.03,7.95,7.95,8.16,8.01,7.57,6.94,8.35,7.94,6.69,6.45,7.17,7.42,7.43,6.43,6.31,8.25,10.59
CYP,Cyprus,Climate Watch,Total including LUCF,All GHG,MtCO₂e,8.28,8.21,8.05,8.45,8.41,8.55,8.36,7.9,7.83,7.43,8.13,8.66,8.96,9.3,9.48,9.27,8.94,8.82,8.7,8.76,8.08,7.86,8.13,7.86,7.59,7.25,7.17,6.77,6.88,6.62,6.35,5.91,5.37
LUX,Luxembourg,Climate Watch,Total including LUCF,All GHG,MtCO₂e,7.84,8.98,8.63,10.3,10.12,9.83,9.65,9.97,10.48,11,11.51,11.74,11.59,11,11.58,11.66,12.25,12.45,12.21,10.77,10.35,9.58,8.97,8.34,7.94,8.62,9.12,9.03,11.18,12.02,11.81,12.12,11.63
BDI,Burundi,Climate Watch,Total including LUCF,All GHG,MtCO₂e,7.18,7.01,6.57,6.68,7.07,6.89,6.3,0.99,1.01,1.06,0.66,0.61,5.36,5.09,4.95,4.83,4.79,4.66,4.58,4.53,4.55,4.57,6.68,6.64,6.55,6.63,6.57,6.54,6.38,6.48,6.51,6.52,6.47
ERI,Eritrea,Climate Watch,Total including LUCF,All GHG,MtCO₂e,7.03,6.94,6.88,6.84,6.79,6.66,6.61,6.48,6.46,6.42,6.4,6.34,6.09,6.16,6.1,6.15,5.84,6.04,6.05,6.1,5.94,5.98,6.26,6.14,5.96,6.15,5.64,5.07,4.93,4.75,5.18,4.11,4.11
MUS,Mauritius,Climate Watch,Total including LUCF,All GHG,MtCO₂e,6.81,6.72,6.43,6.85,6.76,6.76,6.57,6.46,6.44,6.25,6.18,6.07,6.15,5.89,5.92,5.82,5.7,5.02,4.82,4.77,4.58,4.58,4.22,3.86,3.34,3.06,2.96,2.78,2.71,2.63,2.46,2.36,2.27
BLZ,Belize,Climate Watch,Total including LUCF,All GHG,MtCO₂e,6.52,6.56,6.69,6.71,6.51,6.58,6.55,6.82,6.57,6.71,6.49,7.05,4.38,4.33,4.24,4.33,4.14,4.14,3.97,4.43,4.12,4.03,7.29,8.41,9.68,10.8,11.93,13.21,14.44,14.29,14.14,14.02,13.79
GNB,Guinea-Bissau,Climate Watch,Total including LUCF,All GHG,MtCO₂e,4.55,4.4,4.56,4.52,4.4,4.25,4.31,4.63,4.41,4.33,4.62,4.06,4.15,4.04,4.09,4.32,4.36,3.93,3.99,4.06,4,3.8,3.46,3.76,3.37,3.1,3.04,3.36,3.3,3.27,3.23,3.18,3.17
ATG,Antigua and Barbuda,Climate Watch,Total including LUCF,All GHG,MtCO₂e,4.32,3.94,3.58,3.57,3.52,3.48,3.44,3.39,3.33,3.26,3.21,3.14,3.09,2.87,2.59,2.33,2.06,1.76,1.61,1.46,1.31,1.17,1.18,1.07,0.94,0.83,0.7,0.58,0.55,0.51,0.47,0.44,0.41
GMB,Gambia,Climate Watch,Total including LUCF,All GHG,MtCO₂e,3.91,3.77,3.92,3.93,3.75,3.89,3.94,4.04,3.82,3.68,3.61,3.52,3.86,3.81,3.41,3.25,3.2,3.11,3.05,2.93,2.84,2.85,3.21,3.83,4.14,4.68,5.26,5.81,6.34,6.86,6.66,6.44,6.26
LSO,Lesotho,Climate Watch,Total including LUCF,All GHG,MtCO₂e,3.86,4.51,3.21,3.71,3.83,4.12,3.69,3.74,3.96,3.84,4.67,4.64,3.88,3.85,3.73,3.77,3.67,3.72,3.53,3.56,3.48,3.67,3.66,3.73,3.24,3.36,3.24,3.23,3.31,3.28,3.27,3.06,3.01
BRB,Barbados,Climate Watch,Total including LUCF,All GHG,MtCO₂e,3.85,3.78,3.83,4,4.03,3.91,3.9,3.84,3.86,4.04,4.04,4.1,4.04,4.14,4.17,3.87,3.85,3.79,3.74,3.69,3.63,3.63,3.64,3.63,3.55,3.74,3.62,3.57,3.52,3.4,3.42,3.46,3.41
TLS,East Timor,Climate Watch,Total including LUCF,All GHG,MtCO₂e,3.7,5.18,5.57,5.27,5.23,5.18,5.51,6.35,5.62,5.96,6.1,5.88,5.88,6.33,6.37,5.75,5.28,2.96,1.47,2.46,2.95,2.49,1.86,1.26,1.26,1.18,1.17,1.15,1.13,1.05,1.01,1.02,0.94
MNE,Montenegro,Climate Watch,Total including LUCF,All GHG,MtCO₂e,3.48,3.39,3.38,3.45,3.37,3.16,3.01,3.24,3.08,3.13,3.23,3.42,-0.57,-1.44,-0.34,-0.76,-0.73,-0.95,-0.87,-1.13,-1.58,-1.67,2.34,2.27,3.09,2.94,2.83,2.44,2.36,2.38,2.69,2.68,3.28
ISL,Iceland,Climate Watch,Total including LUCF,All GHG,MtCO₂e,3.43,3.39,3.28,3.47,3.55,3.5,3.48,3.9,3.81,3.84,3.67,3.7,3.91,4.04,4.35,4.48,4.46,4.01,4.08,4.04,4.09,4.01,4.17,4.13,4.15,4.04,4.09,3.81,3.89,3.81,3.83,4.02,4.13
SWZ,Eswatini,Climate Watch,Total including LUCF,All GHG,MtCO₂e,3.07,2.94,2.87,3.1,2.94,2.97,3.01,2.93,2.96,2.93,2.76,2.76,2.83,3.09,3.26,3.36,3.1,3.18,3.2,3.19,3.17,3.09,3.27,3.48,3.48,3.34,3.32,3.57,3.62,2.87,3.18,3.33,3.33
BHS,Bahamas,Climate Watch,Total including LUCF,All GHG,MtCO₂e,2.81,2.71,2.25,2.73,2.63,2.76,2.47,2.43,2.25,2.26,2.22,2.35,2.42,2.35,2.13,2.01,2,2.06,2.23,2.17,2.15,2.1,2.3,2.28,2.24,1.83,2.04,2.01,1.93,1.91,2.03,2.17,2.1
MLT,Malta,Climate Watch,Total including LUCF,All GHG,MtCO₂e,2.44,2.28,2.23,2.26,2.14,2.09,1.85,2.13,2.81,2.81,3.14,2.96,2.97,2.89,3.09,3.16,3.07,3,2.94,2.94,2.64,2.8,2.43,2.7,2.65,2.75,2.59,2.64,2.77,3.07,2.42,2.45,2.54
MDV,Maldives,Climate Watch,Total including LUCF,All GHG,MtCO₂e,2.38,2.44,2.13,2.37,2.14,1.89,1.78,1.6,1.64,1.4,1.4,1.26,1.2,1.14,1.07,1,0.95,0.79,0.84,0.66,0.74,0.59,0.56,0.52,0.4,0.42,0.35,0.32,0.26,0.25,0.26,0.19,0.19
DJI,Djibouti,Climate Watch,Total including LUCF,All GHG,MtCO₂e,1.69,1.61,1.53,1.6,1.54,1.47,1.46,1.54,1.44,1.39,1.3,1.3,1.49,1.41,1.43,1.41,1.37,1.36,1.32,1.33,1.3,1.27,1.25,1.27,1.23,1.15,1.11,1.08,1.02,0.99,0.97,0.95,0.94
SYC,Seychelles,Climate Watch,Total including LUCF,All GHG,MtCO₂e,0.92,0.88,0.86,0.85,0.84,0.8,0.78,0.7,0.66,0.6,0.61,0.59,0.62,0.62,0.58,0.56,0.53,0.51,0.51,0.46,0.46,0.42,0.38,0.4,0.38,0.36,0.32,0.28,0.28,0.25,0.22,0.21,0.19
BTN,Bhutan,Climate Watch,Total including LUCF,All GHG,MtCO₂e,0.85,0.96,0.7,1.08,1.22,1.19,1.08,0.96,0.84,0.73,0.67,0.48,-4.94,-5.21,-5.2,-5.43,-5.5,-5.87,-5.94,-5.9,-5.92,-5.93,-5.98,-5.95,-5.97,-5.98,-6.07,-6.13,-6.18,-6.22,-6.2,-6.21,-5.7
COM,Comoros,Climate Watch,Total including LUCF,All GHG,MtCO₂e,0.75,0.71,0.58,0.52,0.49,0.46,0.4,0.37,0.36,0.38,0.34,0.33,0.35,0.33,0.31,0.3,0.36,0.38,0.35,0.33,0.31,0.31,0.3,0.31,0.3,0.29,0.28,0.28,0.28,0.27,0.27,0.27,0.33
CPV,Cabo Verde,Climate Watch,Total including LUCF,All GHG,MtCO₂e,0.67,0.63,0.6,0.7,0.64,0.64,0.62,0.58,0.57,0.57,0.59,0.63,0.61,0.57,0.53,0.53,0.59,0.51,0.5,0.48,0.45,0.42,-0.05,-0.05,-0.1,-0.13,-0.15,-0.13,-0.22,-0.21,-0.2,-0.24,-0.23
AND,Andorra,Climate Watch,Total including LUCF,All GHG,MtCO₂e,0.57,0.56,0.53,0.63,0.64,0.61,0.6,0.6,0.59,0.61,0.62,0.62,0.65,0.65,0.67,0.68,0.68,0.68,0.65,0.62,0.61,0.59,0.59,0.57,0.55,0.52,0.51,0.48,0.45,0.46,0.45,0.45,0.44
VUT,Vanuatu,Climate Watch,Total including LUCF,All GHG,MtCO₂e,0.54,0.54,0.53,0.49,0.5,0.47,0.51,0.59,0.67,0.61,0.62,0.63,0.61,0.59,0.59,0.57,0.49,0.49,0.48,0.47,0.45,0.46,0.5,0.51,0.5,0.5,0.49,0.49,0.49,0.48,0.45,0.44,0.42
WSM,Samoa,Climate Watch,Total including LUCF,All GHG,MtCO₂e,0.52,0.54,0.5,0.55,0.54,0.57,0.57,0.58,0.54,0.53,0.52,0.52,0.5,0.47,0.45,0.47,0.47,0.47,0.46,0.46,0.45,0.45,0.42,0.41,0.42,0.39,0.4,0.38,0.37,0.38,0.36,0.36,0.35
LCA,Saint Lucia,Climate Watch,Total including LUCF,All GHG,MtCO₂e,0.48,0.45,0.42,0.44,0.45,0.45,0.43,0.42,0.43,0.43,0.43,0.42,0.54,0.48,0.47,0.47,0.46,0.43,0.44,0.41,0.39,0.4,0.36,0.48,0.58,0.66,0.77,0.87,0.97,0.17,0.15,0.13,0.12
STP,São Tomé and Principe,Climate Watch,Total including LUCF,All GHG,MtCO₂e,0.42,0.41,0.4,0.4,0.41,0.41,0.41,0.39,0.38,0.36,0.36,0.35,0.15,0.13,0.13,0.12,0.12,0.11,0.11,0.1,0.09,0.08,0.08,0.08,0.08,0.08,0.08,0.08,0.07,0.07,0.07,0.07,0.07
GRD,Grenada,Climate Watch,Total including LUCF,All GHG,MtCO₂e,0.39,0.38,0.35,0.4,0.37,0.37,0.34,0.33,0.31,0.36,0.32,0.3,0.31,0.31,0.3,0.29,0.27,0.26,0.25,0.26,0.24,0.24,0.23,0.23,0.23,0.21,0.2,0.18,2.13,0.16,0.15,0.15,0.14
TON,Tonga,Climate Watch,Total including LUCF,All GHG,MtCO₂e,0.3,0.3,0.3,0.27,0.24,0.24,0.23,0.22,0.22,0.22,0.22,0.21,0.22,0.24,0.23,0.23,0.26,0.25,0.25,0.26,0.24,0.23,0.24,0.26,0.24,0.25,0.24,0.27,0.27,0.19,0.19,0.2,0.19
VCT,Saint Vincent and the Grenadines,Climate Watch,Total including LUCF,All GHG,MtCO₂e,0.29,0.28,0.28,0.27,0.29,0.26,0.29,0.28,0.3,0.26,0.28,0.26,0.27,0.33,0.27,0.28,0.26,0.26,0.33,0.31,0.3,0.3,0.22,0.23,0.22,0.18,0.17,0.17,0.16,0.15,0.12,0.12,0.12
KNA,Saint Kitts and Nevis,Climate Watch,Total including LUCF,All GHG,MtCO₂e,0.28,0.26,0.26,0.27,0.27,0.27,0.27,0.26,0.25,0.25,0.25,0.27,0.26,0.26,0.25,0.26,0.24,0.23,0.25,0.23,0.23,0.22,0.21,0.2,0.19,0.17,0.17,0.16,0.21,0.14,0.14,0.14,0.14
DMA,Dominica,Climate Watch,Total including LUCF,All GHG,MtCO₂e,0.23,0.22,0.22,0.23,0.22,0.23,0.24,0.26,0.24,0.24,0.24,0.23,0.24,0.26,0.24,0.25,0.22,0.21,0.2,0.17,0.16,0.2,0.25,0.23,0.24,0.24,0.23,0.26,0.26,0.18,0.18,0.18,0.18
PLW,Palau,Climate Watch,Total including LUCF,All GHG,MtCO₂e,0.21,0.21,0.22,0.22,0.22,0.22,0.2,0.21,0.22,0.23,0.23,0.22,0.22,0.21,0.21,0.23,0.23,0.23,0.22,0.22,0.22,0.22,0.22,0.21,0.21,0.21,0.21,0.21,0.21,0.2,0.2,0,0
FSM,Micronesia,Climate Watch,Total including LUCF,All GHG,MtCO₂e,0.19,0.2,0.2,0.2,0.2,0.2,0.2,0.2,0.19,0.19,0.18,0.17,0.15,0.2,0.16,0.18,0.16,0.16,0.19,0.21,0.2,0.21,0.23,0.24,0.25,0.24,0.23,0.23,0.2,0.19,0.18,0.04,0.01
LIE,Liechtenstein,Climate Watch,Total including LUCF,All GHG,MtCO₂e,0.18,0.18,0.18,0.18,0.18,0.19,0.18,0.19,0.2,0.23,0.22,0.21,0.25,0.27,0.28,0.26,0.29,0.29,0.29,0.29,0.28,0.27,0.27,0.27,0.28,0.27,0.25,0.25,0.25,0.26,0.25,0.25,0.22
MHL,Marshall Islands,Climate Watch,Total including LUCF,All GHG,MtCO₂e,0.14,0.15,0.15,0.15,0.15,0.15,0.15,0.15,0.14,0.14,0.14,0.14,0.14,0.14,0.13,0.13,0.13,0.12,0.12,0.11,0.12,0.11,0.1,0.1,0.1,0.09,0.09,0.09,0.09,0.08,0.08,0,0
KIR,Kiribati,Climate Watch,Total including LUCF,All GHG,MtCO₂e,0.09,0.09,0.09,0.09,0.09,0.09,0.07,0.07,0.07,0.08,0.07,0.07,0.07,0.06,0.06,0.07,0.07,0.06,0.06,0.05,0.05,0.04,0.05,0.04,0.04,0.04,0.04,0.04,0.05,0.04,0.03,0.03,0.03
COK,Cook Islands,Climate Watch,Total including LUCF,All GHG,MtCO₂e,0.08,0.08,0.08,0.09,0.09,0.09,0.09,0.09,0.1,0.09,0.1,0.09,0.09,0.08,0.08,0.08,0.08,0.07,0.07,0.06,0.06,0.07,0.05,0.05,0.06,0.05,0.05,0.04,0.07,0.04,0.03,0.03,0.03
NRU,Nauru,Climate Watch,Total including LUCF,All GHG,MtCO₂e,0.06,0.06,0.06,0.06,0.06,0.06,0.05,0.06,0.05,0.05,0.04,0.04,0.05,0.05,0.05,0.05,0.05,0.07,0.07,0.08,0.09,0.09,0.1,0.1,0.11,0.11,0.11,0.11,0.12,0.12,0.12,0.13,0.13
TUV,Tuvalu,Climate Watch,Total including LUCF,All GHG,MtCO₂e,0.02,0.02,0.02,0.02,0.02,0.02,0.02,0.02,0.02,0.02,0.02,0.02,0.02,0.02,0.02,0.02,0.02,0.02,0.02,0.02,0.02,0.02,0.01,0.01,0.02,0.01,0.01,0.01,0.01,0.01,0.01,0.01,0.01
NIU,Niue,Climate Watch,Total including LUCF,All GHG,MtCO₂e,0.01,0.01,0.01,0.01,0.01,0.01,0.01,0.01,0,0,0,0,0.01,0.04,0.04,0.03,0.03,0.03,0.03,0.03,0.02,0.02,0.02,0.02,0.02,0.01,0.01,0.01,0.01,0.01,0.01,0.01,0.01
FJI,Fiji,Climate Watch,Total including LUCF,All GHG,MtCO₂e,-0.85,-0.85,-0.86,-0.42,-0.55,-0.61,-0.8,-0.74,-0.8,-0.41,-0.55,-0.52,-0.43,-0.73,-0.64,-0.36,-0.3,-0.42,-0.05,-0.36,-0.5,-0.31,-0.55,-0.58,-0.55,-0.51,-0.5,-0.55,-0.61,-0.76,-0.82,-0.87,-0.89
