"","country","year","Value","World_Value","Ratio","iso2c","iso3c","status","lastupdated","GDP","Urban_pop_growth","Renewable_share","Population","region","capital","longitude","latitude","income","lending","GDP_log","Population_mil","year_c"
"1","Afghanistan",2000,12.29,36913.53,0.000332940252530712,"AF","AFG","","2026-04-08",3521418059.92345,2.12085038492534,45,20130327,"South Asia","Kabul","69.1761","34.5228","Low income","IDA",21.9821296033637,2.0130327,0
"2","Afghanistan",2001,12.96,36979.99,0.000350459802720336,"AF","AFG","","2026-04-08",2813571753.87253,1.74346718707473,45.6,20284307,"South Asia","Kabul","69.1761","34.5228","Low income","IDA",21.7577205999325,2.0284307,1
"3","Afghanistan",2002,15.81,37961.96,0.000416469539507444,"AF","AFG","","2026-04-08",3825701438.99963,6.31359641742295,37.8,21378117,"South Asia","Kabul","69.1761","34.5228","Low income","IDA",22.0650076701573,2.1378117,2
"4","Afghanistan",2003,16.59,38959.72,0.000425824415575882,"AF","AFG","","2026-04-08",4520946818.54581,7.2936567313355,36.7,22733049,"South Asia","Kabul","69.1761","34.5228","Low income","IDA",22.2319872819837,2.2733049,3
"5","Afghanistan",2004,16.21,40808.89,0.000397217371018913,"AF","AFG","","2026-04-08",5224896718.67782,4.81718391804813,44.2,23560654,"South Asia","Kabul","69.1761","34.5228","Low income","IDA",22.3767008678417,2.3560654,4
"6","Afghanistan",2005,17.45,41765.09,0.000417813058705249,"AF","AFG","","2026-04-08",6203256538.70967,5.08707018829666,33.9,24404567,"South Asia","Kabul","69.1761","34.5228","Low income","IDA",22.5483402392819,2.4404567,5
"7","Afghanistan",2006,17.9,43239.65,0.000413971898477439,"AF","AFG","","2026-04-08",6971758282.29351,6.12480680891873,31.9,25424094,"South Asia","Kabul","69.1761","34.5228","Low income","IDA",22.6651332942231,2.5424094,6
"8","Afghanistan",2007,18.63,44004.27,0.000423368004968609,"AF","AFG","","2026-04-08",9747886187.39393,4.25238138079512,28.8,25909852,"South Asia","Kabul","69.1761","34.5228","Low income","IDA",23.0003162971584,2.5909852,7
"9","Afghanistan",2008,21.61,44256.51,0.000488289745395649,"AF","AFG","","2026-04-08",10109297047.5432,4.74447801790221,21.2,26482622,"South Asia","Kabul","69.1761","34.5228","Low income","IDA",23.0367213371503,2.6482622,8
"10","Afghanistan",2009,24.35,44176.85,0.000551193668176885,"AF","AFG","","2026-04-08",12416152732.0567,6.2831311002891,16.5,27466101,"South Asia","Kabul","69.1761","34.5228","Low income","IDA",23.2422641015404,2.7466101,9
"11","Afghanistan",2010,28.61,45999.53,0.000621962876577217,"AF","AFG","","2026-04-08",15856668555.8336,5.5420431342597,15.2,28284089,"South Asia","Kabul","69.1761","34.5228","Low income","IDA",23.4868559778627,2.8284089,10
"12","Afghanistan",2011,31.86,46150.17,0.000690354986774697,"AF","AFG","","2026-04-08",17805098206.3141,6.17194562448142,12.6,29347708,"South Asia","Kabul","69.1761","34.5228","Low income","IDA",23.6027506693203,2.9347708,11
"13","Afghanistan",2012,30.09,46642.9,0.000645114261763312,"AF","AFG","","2026-04-08",19907329777.5872,6.31323146961438,15.4,30560034,"South Asia","Kabul","69.1761","34.5228","Low income","IDA",23.7143538313918,3.0560034,12
"14","Afghanistan",2013,29.3,47264.31,0.000619918073489278,"AF","AFG","","2026-04-08",20146416757.5987,5.3875947897599,16.9,31622704,"South Asia","Kabul","69.1761","34.5228","Low income","IDA",23.7262922811187,3.1622704,13
"15","Afghanistan",2014,29.58,47914.39,0.00061735107135873,"AF","AFG","","2026-04-08",20497128555.6972,5.22969224047253,19.1,32792523,"South Asia","Kabul","69.1761","34.5228","Low income","IDA",23.7435506428262,3.2792523,14
"16","Afghanistan",2015,29.66,47803.99,0.00062045030132422,"AF","AFG","","2026-04-08",19134221644.7325,4.24580956643691,17.7,33831764,"South Asia","Kabul","69.1761","34.5228","Low income","IDA",23.6747442779511,3.3831764,15
"17","Afghanistan",2016,29.11,48391.19,0.00060155577905813,"AF","AFG","","2026-04-08",18116572395.0772,3.32526007388198,20.2,34700612,"South Asia","Kabul","69.1761","34.5228","Low income","IDA",23.6200929582484,3.4700612,16
"18","Afghanistan",2017,29.75,49115.57,0.000605714236849944,"AF","AFG","","2026-04-08",18753456497.8159,3.5213421801472,19.5,35688935,"South Asia","Kabul","69.1761","34.5228","Low income","IDA",23.6546439189233,3.5688935,17
"19","Afghanistan",2018,30.89,50226.78,0.000615010558112624,"AF","AFG","","2026-04-08",18053222687.4126,3.5685183296085,18.3,36743039,"South Asia","Kabul","69.1761","34.5228","Low income","IDA",23.6165900480275,3.6743039,18
"20","Afghanistan",2019,31.14,50603.57,0.000615371603228784,"AF","AFG","","2026-04-08",18799444490.1128,3.56098277767391,18.9,37856121,"South Asia","Kabul","69.1761","34.5228","Low income","IDA",23.6570931579475,3.7856121,19
"21","Afghanistan",2020,32.08,48271.97,0.000664567864124874,"AF","AFG","","2026-04-08",19955929052.1496,3.62373772331126,18.2,39068979,"South Asia","Kabul","69.1761","34.5228","Low income","IDA",23.7167921317249,3.9068979,20
"22","Afghanistan",2021,30.81,50356.43,0.000611838448436476,"AF","AFG","","2026-04-08",14259995441.0759,2.69456903003537,20,40000412,"South Asia","Kabul","69.1761","34.5228","Low income","IDA",23.3807239322324,4.0000412,21
"23","Afghanistan",2022,30.72,50809.05,0.000604616697222247,"AF","AFG","","2026-04-08",14497243872.1337,1.61726804518474,20,40578842,"South Asia","Kabul","69.1761","34.5228","Low income","IDA",23.397224390522,4.0578842,22
"24","Bangladesh",2000,146.41,36913.53,0.0039662963688382,"BD","BGD","","2026-04-08",53369787318.6245,3.37231349221847,60.2,134544304,"South Asia","Dhaka","90.4113","23.7055","Lower middle income","IDA",24.7005106422482,13.4544304,0
"25","Bangladesh",2001,152.75,36979.99,0.00413061225814285,"BD","BGD","","2026-04-08",53991289844.3291,3.30647108329831,55.9,136805810,"South Asia","Dhaka","90.4113","23.7055","Lower middle income","IDA",24.7120885713215,13.680581,1
"26","Bangladesh",2002,156.36,37961.96,0.00411886003778519,"BD","BGD","","2026-04-08",54724081490.5102,3.2723310409713,54.4,138933658,"South Asia","Dhaka","90.4113","23.7055","Lower middle income","IDA",24.7255696961215,13.8933658,2
"27","Bangladesh",2003,158.81,38959.72,0.00407626132836684,"BD","BGD","","2026-04-08",60158929188.2556,3.26080093893616,52.6,140970351,"South Asia","Dhaka","90.4113","23.7055","Lower middle income","IDA",24.8202557170322,14.0970351,3
"28","Bangladesh",2004,160.51,40808.89,0.00393321161148955,"BD","BGD","","2026-04-08",65108544250.0425,3.20545305759678,52,142902856,"South Asia","Dhaka","90.4113","23.7055","Lower middle income","IDA",24.8993216256292,14.2902856,4
"29","Bangladesh",2005,165.45,41765.09,0.00396144243912799,"BD","BGD","","2026-04-08",69476001239.419,3.11259205915081,50.6,144715786,"South Asia","Dhaka","90.4113","23.7055","Lower middle income","IDA",24.9642472239777,14.4715786,5
"30","Bangladesh",2006,171.32,43239.65,0.00396210422609804,"BD","BGD","","2026-04-08",71795736172.1561,2.99286532012132,48.6,146405973,"South Asia","Dhaka","90.4113","23.7055","Lower middle income","IDA",24.9970909264483,14.6405973,6
"31","Bangladesh",2007,174.35,44004.27,0.00396211549470086,"BD","BGD","","2026-04-08",79611644974.5571,2.86086990423088,47.2,147989278,"South Asia","Dhaka","90.4113","23.7055","Lower middle income","IDA",25.1004262127471,14.7989278,7
"32","Bangladesh",2008,182.7,44256.51,0.00412820622322004,"BD","BGD","","2026-04-08",91636997370.9772,2.7127996000916,45.2,149474264,"South Asia","Dhaka","90.4113","23.7055","Lower middle income","IDA",25.2411009285102,14.9474264,8
"33","Bangladesh",2009,187.19,44176.85,0.00423728717642838,"BD","BGD","","2026-04-08",102475158190.998,2.55259258065882,43.1,150873714,"South Asia","Dhaka","90.4113","23.7055","Lower middle income","IDA",25.3528862470389,15.0873714,9
"34","Bangladesh",2010,194.33,45999.53,0.00422460838186825,"BD","BGD","","2026-04-08",115275540051.262,2.38215024620493,40.3,152201981,"South Asia","Dhaka","90.4113","23.7055","Lower middle income","IDA",25.4705910999231,15.2201981,10
"35","Bangladesh",2011,200.25,46150.17,0.00433909560896525,"BD","BGD","","2026-04-08",128607482310.357,2.28609018354601,38.4,153591076,"South Asia","Dhaka","90.4113","23.7055","Lower middle income","IDA",25.5800308298751,15.3591076,11
"36","Bangladesh",2012,204.79,46642.9,0.00439059320925586,"BD","BGD","","2026-04-08",133310747603.483,2.26174678800571,37.3,155070101,"South Asia","Dhaka","90.4113","23.7055","Lower middle income","IDA",25.6159486880638,15.5070101,12
"37","Bangladesh",2013,209.28,47264.31,0.00442786533856096,"BD","BGD","","2026-04-08",149998957434.186,2.20119341986716,37,156532141,"South Asia","Dhaka","90.4113","23.7055","Lower middle income","IDA",25.7338941805798,15.6532141,13
"38","Bangladesh",2014,213.81,47914.39,0.0044623337581883,"BD","BGD","","2026-04-08",172886611653.786,2.13023875711627,35.4,157964929,"South Asia","Dhaka","90.4113","23.7055","Lower middle income","IDA",25.8759017925934,15.7964929,14
"39","Bangladesh",2015,221.46,47803.99,0.00463266769154625,"BD","BGD","","2026-04-08",195146608978.131,2.06884580523583,33.1,159383179,"South Asia","Dhaka","90.4113","23.7055","Lower middle income","IDA",25.9970169539329,15.9383179,15
"40","Bangladesh",2016,228.74,48391.19,0.00472689346965842,"BD","BGD","","2026-04-08",265224515675.034,2.0230746254932,30.2,160811932,"South Asia","Dhaka","90.4113","23.7055","Lower middle income","IDA",26.3038425331992,16.0811932,16
"41","Bangladesh",2017,238.08,49115.57,0.00484734270619276,"BD","BGD","","2026-04-08",293732446624.596,1.93683060952504,28.1,162186147,"South Asia","Dhaka","90.4113","23.7055","Lower middle income","IDA",26.4059351444477,16.2186147,17
"42","Bangladesh",2018,241.92,50226.78,0.00481655403750748,"BD","BGD","","2026-04-08",321362752441.78,1.86177443141625,27,163523103,"South Asia","Dhaka","90.4113","23.7055","Lower middle income","IDA",26.4958363919402,16.3523103,18
"43","Bangladesh",2019,246.24,50603.57,0.00486605984518484,"BD","BGD","","2026-04-08",351231654603.692,1.84176302855583,26.1,164913055,"South Asia","Dhaka","90.4113","23.7055","Lower middle income","IDA",26.5847118273441,16.4913055,19
"44","Bangladesh",2020,242.74,48271.97,0.00502859112648603,"BD","BGD","","2026-04-08",373979442362.193,1.78580073795354,27.2,166298024,"South Asia","Dhaka","90.4113","23.7055","Lower middle income","IDA",26.6474666659042,16.6298024,20
"45","Bangladesh",2021,258.14,50356.43,0.00512625696460214,"BD","BGD","","2026-04-08",416271647911.014,1.7181839550393,25,167658854,"South Asia","Dhaka","90.4113","23.7055","Lower middle income","IDA",26.7546038838822,16.7658854,21
"46","India",2000,1620.92,36913.53,0.0439112704745387,"IN","IND","","2026-04-08",468395521654.458,2.74716354214945,46.9,1057922733,"South Asia","New Delhi","77.225","28.6353","Lower middle income","IBRD",26.8725789076816,105.7922733,0
"47","India",2001,1867.02,36979.99,0.0504873040798551,"IN","IND","","2026-04-08",485440139204.171,2.79167632635927,47.1,1077898575,"South Asia","New Delhi","77.225","28.6353","Lower middle income","IBRD",26.9083218198653,107.7898575,1
"48","India",2002,1885.83,37961.96,0.0496768343889515,"IN","IND","","2026-04-08",514939140318.756,2.78430381700354,45.8,1097600380,"South Asia","New Delhi","77.225","28.6353","Lower middle income","IBRD",26.9673145564887,109.760038,2
"49","India",2003,1929.69,38959.72,0.0495303867686934,"IN","IND","","2026-04-08",607700687237.318,2.75957503853038,45.6,1116803006,"South Asia","New Delhi","77.225","28.6353","Lower middle income","IBRD",27.1329483069696,111.6803006,3
"50","India",2004,2019.2,40808.89,0.0494794149019981,"IN","IND","","2026-04-08",709152728830.775,2.77480790295643,44.9,1135991513,"South Asia","New Delhi","77.225","28.6353","Lower middle income","IBRD",27.28733675471,113.5991513,4
"51","India",2005,2090.59,41765.09,0.0500559199082296,"IN","IND","","2026-04-08",820383763511.445,2.74412999366421,44.2,1154676322,"South Asia","New Delhi","77.225","28.6353","Lower middle income","IBRD",27.4330380720071,115.4676322,5
"52","India",2006,2188.97,43239.65,0.0506241377994503,"IN","IND","","2026-04-08",940259888787.721,2.7138445773411,43.2,1172878890,"South Asia","New Delhi","77.225","28.6353","Lower middle income","IBRD",27.5694221514314,117.287889,6
"53","India",2007,2335.8,44004.27,0.0530812123459837,"IN","IND","","2026-04-08",1216736438834.96,2.68838973840524,41.5,1190676021,"South Asia","New Delhi","77.225","28.6353","Lower middle income","IBRD",27.8271933401982,119.0676021,7
"54","India",2008,2450.97,44256.51,0.0553810049640155,"IN","IND","","2026-04-08",1198895139005.92,2.6496554632103,39.4,1207930964,"South Asia","New Delhi","77.225","28.6353","Lower middle income","IBRD",27.8124215311067,120.7930964,8
"55","India",2009,2564.09,44176.85,0.0580414855291855,"IN","IND","","2026-04-08",1341888016994.9,2.68133844908469,37.4,1225524753,"South Asia","New Delhi","77.225","28.6353","Lower middle income","IBRD",27.9250987061341,122.5524753,9
"56","India",2010,2680.84,45999.53,0.0582797259015473,"IN","IND","","2026-04-08",1675615519484.96,2.71046640355998,36.2,1243481564,"South Asia","New Delhi","77.225","28.6353","Lower middle income","IBRD",28.1472016880228,124.3481564,10
"57","India",2011,2729.53,46150.17,0.0591445275282843,"IN","IND","","2026-04-08",1823051829894.55,2.60834363267832,35,1261224954,"South Asia","New Delhi","77.225","28.6353","Lower middle income","IBRD",28.2315330423205,126.1224954,11
"58","India",2012,2884.2,46642.9,0.0618357777925472,"IN","IND","","2026-04-08",1827637590410.41,2.37699314592326,34.8,1278674502,"South Asia","New Delhi","77.225","28.6353","Lower middle income","IBRD",28.2340453146065,127.8674502,12
"59","India",2013,2947.22,47264.31,0.0623561414521866,"IN","IND","","2026-04-08",1856721507621.58,2.33991754994745,34.9,1295829511,"South Asia","New Delhi","77.225","28.6353","Lower middle income","IBRD",28.249833418082,129.5829511,13
"60","India",2014,3134.57,47914.39,0.0654202213573,"IN","IND","","2026-04-08",2039126479154.52,2.25647131147126,33.9,1312277191,"South Asia","New Delhi","77.225","28.6353","Lower middle income","IBRD",28.3435426355895,131.2277191,14
"61","India",2015,3179,47803.99,0.0665007251486748,"IN","IND","","2026-04-08",2103588360044.94,2.17617533145353,33.4,1328024498,"South Asia","New Delhi","77.225","28.6353","Lower middle income","IBRD",28.3746657452963,132.8024498,15
"62","India",2016,3247.88,48391.19,0.0671171756677197,"IN","IND","","2026-04-08",2294796885663.16,2.16325487902533,33,1343944296,"South Asia","New Delhi","77.225","28.6353","Lower middle income","IBRD",28.4616654525454,134.3944296,16
"63","India",2017,3367.94,49115.57,0.0685717380455933,"IN","IND","","2026-04-08",2651474262755.45,2.12248866445848,32.5,1359657400,"South Asia","New Delhi","77.225","28.6353","Lower middle income","IBRD",28.6061369268031,135.96574,17
"64","India",2018,3506.66,50226.78,0.0698165401007192,"IN","IND","","2026-04-08",2702929641648.74,2.0460160617663,32.9,1374659064,"South Asia","New Delhi","77.225","28.6353","Lower middle income","IBRD",28.6253573531574,137.4659064,18
"65","India",2019,3507.03,50603.57,0.0693040036503353,"IN","IND","","2026-04-08",2835606256558.19,1.97750804279549,33.5,1389030312,"South Asia","New Delhi","77.225","28.6353","Lower middle income","IBRD",28.6732768773567,138.9030312,19
"66","India",2020,3326.2,48271.97,0.0689054123956408,"IN","IND","","2026-04-08",2674851578587.27,1.89985832105548,36.1,1402617695,"South Asia","New Delhi","77.225","28.6353","Lower middle income","IBRD",28.6149150100969,140.2617695,20
"67","India",2021,3584.74,50356.43,0.0711873339710539,"IN","IND","","2026-04-08",3167270623260.47,1.73813803578169,34.9,1414203896,"South Asia","New Delhi","77.225","28.6353","Lower middle income","IBRD",28.7838913308165,141.4203896,21
"68","Maldives",2000,0.56,36913.53,1.51705892121398e-05,"MV","MDV","","2026-04-08",624337145.284622,3.85509138830998,2.3,282019,"South Asia","Male","73.5109","4.1742","Upper middle income","IDA",20.2522010773564,0.0282019,0
"69","Maldives",2001,0.59,36979.99,1.59545743522375e-05,"MV","MDV","","2026-04-08",870031676.798793,5.03988445430481,2.3,286767,"South Asia","Male","73.5109","4.1742","Upper middle income","IDA",20.5840401790636,0.0286767,1
"70","Maldives",2002,0.74,37961.96,1.94931979276096e-05,"MV","MDV","","2026-04-08",897031250,6.25769847950436,1.8,291616,"South Asia","Male","73.5109","4.1742","Upper middle income","IDA",20.6146012577663,0.0291616,2
"71","Maldives",2003,0.66,38959.72,1.69405734948814e-05,"MV","MDV","","2026-04-08",1052121054.6875,6.56393503106261,2.2,296491,"South Asia","Male","73.5109","4.1742","Upper middle income","IDA",20.7740740156375,0.0296491,3
"72","Maldives",2004,0.84,40808.89,2.0583750256378e-05,"MV","MDV","","2026-04-08",1226829562.5,6.20191530555894,1.7,301413,"South Asia","Male","73.5109","4.1742","Upper middle income","IDA",20.9276990871589,0.0301413,4
"73","Maldives",2005,0.79,41765.09,1.89153189900944e-05,"MV","MDV","","2026-04-08",1163362437.5,5.28850267980301,2,306429,"South Asia","Male","73.5109","4.1742","Upper middle income","IDA",20.874580302088,0.0306429,5
"74","Maldives",2006,0.95,43239.65,2.19705756175177e-05,"MV","MDV","","2026-04-08",1575200390.625,4.7034922818256,1.6,313851,"South Asia","Male","73.5109","4.1742","Upper middle income","IDA",21.1776483332735,0.0313851,6
"75","Maldives",2007,1,44004.27,2.27250673627809e-05,"MV","MDV","","2026-04-08",1868383460.9375,4.94109210908272,1.5,324479,"South Asia","Male","73.5109","4.1742","Upper middle income","IDA",21.3483394345607,0.0324479,7
"76","Maldives",2008,1.07,44256.51,2.41772340385629e-05,"MV","MDV","","2026-04-08",2271646187.5,4.93963181411588,1.5,336170,"South Asia","Male","73.5109","4.1742","Upper middle income","IDA",21.5437705983458,0.033617,8
"77","Maldives",2009,1.14,44176.85,2.58053709125934e-05,"MV","MDV","","2026-04-08",2345294875,4.74971280410614,1.5,348275,"South Asia","Male","73.5109","4.1742","Upper middle income","IDA",21.5756769772079,0.0348275,9
"78","Maldives",2010,1.2,45999.53,2.60872230651052e-05,"MV","MDV","","2026-04-08",2588176054.6875,4.60519906343892,1.4,360792,"South Asia","Male","73.5109","4.1742","Upper middle income","IDA",21.6742192385849,0.0360792,10
"79","Maldives",2011,1.26,46150.17,2.73021746182083e-05,"MV","MDV","","2026-04-08",2774350240.04918,4.49039988870871,1.3,373674,"South Asia","Male","73.5109","4.1742","Upper middle income","IDA",21.7436824089979,0.0373674,11
"80","Maldives",2012,1.4,46642.9,3.00152863565516e-05,"MV","MDV","","2026-04-08",2886163997.20531,4.39125890981467,1.2,386818,"South Asia","Male","73.5109","4.1742","Upper middle income","IDA",21.7831941207721,0.0386818,12
"81","Maldives",2013,1.4,47264.31,2.96206588015355e-05,"MV","MDV","","2026-04-08",3295009237.50107,4.29708388690824,1.3,400070,"South Asia","Male","73.5109","4.1742","Upper middle income","IDA",21.9156748083874,0.040007,13
"82","Maldives",2014,1.64,47914.39,3.42277132193481e-05,"MV","MDV","","2026-04-08",3697353039.20043,4.29868481529749,1.2,413617,"South Asia","Male","73.5109","4.1742","Upper middle income","IDA",22.0308830057689,0.0413617,14
"83","Maldives",2015,1.6,47803.99,3.34700095117583e-05,"MV","MDV","","2026-04-08",4129505319.12921,4.45321237779904,1.5,428154,"South Asia","Male","73.5109","4.1742","Upper middle income","IDA",22.1414234592949,0.0428154,15
"84","Maldives",2016,1.78,48391.19,3.67835550231354e-05,"MV","MDV","","2026-04-08",4409942623.85538,4.45517862607386,1.2,443308,"South Asia","Male","73.5109","4.1742","Upper middle income","IDA",22.2071275158569,0.0443308,16
"85","Maldives",2017,1.89,49115.57,3.84806691645847e-05,"MV","MDV","","2026-04-08",4816426256.52914,4.2734522155411,1.3,458287,"South Asia","Male","73.5109","4.1742","Upper middle income","IDA",22.2952980494518,0.0458287,17
"86","Maldives",2018,2.14,50226.78,4.26067528119461e-05,"MV","MDV","","2026-04-08",5404344162.69888,4.10308111774376,1.3,473099,"South Asia","Male","73.5109","4.1742","Upper middle income","IDA",22.4104689416743,0.0473099,18
"87","Maldives",2019,2.37,50603.57,4.68346403228073e-05,"MV","MDV","","2026-04-08",5726094799.37709,3.94134282962192,1.3,487731,"South Asia","Male","73.5109","4.1742","Upper middle income","IDA",22.4682995994366,0.0487731,19
"88","Maldives",2020,2.13,48271.97,4.41249859908348e-05,"MV","MDV","","2026-04-08",3712604583.36665,3.77511356789507,1.6,502118,"South Asia","Male","73.5109","4.1742","Upper middle income","IDA",22.0349995112823,0.0502118,20
"89","Maldives",2021,2.44,50356.43,4.84545866337228e-05,"MV","MDV","","2026-04-08",5252457369.55218,3.59830458494913,1.4,516154,"South Asia","Male","73.5109","4.1742","Upper middle income","IDA",22.3819618744301,0.0516154,21
"90","Maldives",2022,2.38,50809.05,4.6842048808234e-05,"MV","MDV","","2026-04-08",6177123352.26211,2.32207848209989,1.2,524106,"South Asia","Male","73.5109","4.1742","Upper middle income","IDA",22.5441185230677,0.0524106,22
"91","Nepal",2000,31.69,36913.53,0.000858492807379842,"NP","NPL","","2026-04-08",5494252207.90502,7.0383536764459,88.3,24546509,"South Asia","Kathmandu","85.3157","27.6939","Lower middle income","IDA",22.4269683296279,2.4546509,0
"92","Nepal",2001,29.66,36979.99,0.000802055381842991,"NP","NPL","","2026-04-08",6007055042.17687,6.96859754042475,87.8,24946748,"South Asia","Kathmandu","85.3157","27.6939","Lower middle income","IDA",22.5162004557784,2.4946748,1
"93","Nepal",2002,28.94,37961.96,0.000762342091925707,"NP","NPL","","2026-04-08",6050875806.66403,8.08773907526679,90,25328981,"South Asia","Kathmandu","85.3157","27.6939","Lower middle income","IDA",22.5234688599443,2.5328981,2
"94","Nepal",2003,30.52,38959.72,0.000783373186460272,"NP","NPL","","2026-04-08",6330473096.54071,9.65088986288303,89.4,25688758,"South Asia","Kathmandu","85.3157","27.6939","Lower middle income","IDA",22.5686408090997,2.5688758,3
"95","Nepal",2004,30.58,40808.89,0.000749346527190521,"NP","NPL","","2026-04-08",7273938314.71988,10.2269016511588,90.3,26016656,"South Asia","Kathmandu","85.3157","27.6939","Lower middle income","IDA",22.7075637032333,2.6016656,4
"96","Nepal",2005,31.49,41765.09,0.000753978981010217,"NP","NPL","","2026-04-08",8130258377.90964,10.0684809370206,89.5,26309458,"South Asia","Kathmandu","85.3157","27.6939","Lower middle income","IDA",22.8188585408018,2.6309458,5
"97","Nepal",2006,30.79,43239.65,0.0007120779192246,"NP","NPL","","2026-04-08",9043715355.8881,9.39175399169321,91.2,26565425,"South Asia","Kathmandu","85.3157","27.6939","Lower middle income","IDA",22.9253359176125,2.6565425,6
"98","Nepal",2007,31.74,44004.27,0.000721293638094667,"NP","NPL","","2026-04-08",10325618017.379,8.37572777810589,91.3,26788492,"South Asia","Kathmandu","85.3157","27.6939","Lower middle income","IDA",23.0578938304069,2.6788492,7
"99","Nepal",2008,33.02,44256.51,0.000746104923320885,"NP","NPL","","2026-04-08",12545438605.3959,7.14931967507118,90.5,26990037,"South Asia","Kathmandu","85.3157","27.6939","Lower middle income","IDA",23.2526229787201,2.6990037,8
"100","Nepal",2009,34.77,44176.85,0.000787063812834098,"NP","NPL","","2026-04-08",12854985464.0764,5.73450687520785,88.9,27173035,"South Asia","Kathmandu","85.3157","27.6939","Lower middle income","IDA",23.2769975469033,2.7173035,9
"101","Nepal",2010,36.45,45999.53,0.000792399400602571,"NP","NPL","","2026-04-08",16002656434.4746,4.1510973235054,87.3,27341952,"South Asia","Kathmandu","85.3157","27.6939","Lower middle income","IDA",23.4960205725599,2.7341952,10
"102","Nepal",2011,44.68,46150.17,0.000968143779318689,"NP","NPL","","2026-04-08",21573872420.7008,2.24386457415578,87,27464494,"South Asia","Kathmandu","85.3157","27.6939","Lower middle income","IDA",23.7947488093149,2.7464494,11
"103","Nepal",2012,44.41,46642.9,0.000952127762210326,"NP","NPL","","2026-04-08",21703100877.1309,1.06981932994082,84.7,27534915,"South Asia","Kathmandu","85.3157","27.6939","Lower middle income","IDA",23.8007209848476,2.7534915,12
"104","Nepal",2013,46.29,47264.31,0.00097938592565934,"NP","NPL","","2026-04-08",22162204924.5726,0.944227139325064,86,27589996,"South Asia","Kathmandu","85.3157","27.6939","Lower middle income","IDA",23.821654194082,2.7589996,13
"105","Nepal",2014,47.43,47914.39,0.000989890510971756,"NP","NPL","","2026-04-08",22731612922.1906,0.970449973185209,84,27672370,"South Asia","Kathmandu","85.3157","27.6939","Lower middle income","IDA",23.8470224323545,2.767237,14
"106","Nepal",2015,46.34,47803.99,0.000969375150484301,"NP","NPL","","2026-04-08",24360801286.7638,1.14262025692369,85.2,27823629,"South Asia","Kathmandu","85.3157","27.6939","Lower middle income","IDA",23.9162411727924,2.7823629,15
"107","Nepal",2016,53.67,48391.19,0.00110908617870319,"NP","NPL","","2026-04-08",24524109483.5293,0.992516788067837,79.4,27955462,"South Asia","Kathmandu","85.3157","27.6939","Lower middle income","IDA",23.9229225311791,2.7955462,16
"108","Nepal",2017,53.83,49115.57,0.00109598646620613,"NP","NPL","","2026-04-08",28971588940.364,0.638582888667263,76.8,28011258,"South Asia","Kathmandu","85.3157","27.6939","Lower middle income","IDA",24.0895814950097,2.8011258,17
"109","Nepal",2018,56.18,50226.78,0.00111852680980146,"NP","NPL","","2026-04-08",33111525237.149,0.599481689574772,75,28079689,"South Asia","Kathmandu","85.3157","27.6939","Lower middle income","IDA",24.2231472531996,2.8079689,18
"110","Nepal",2019,56.1,50603.57,0.00110861743548924,"NP","NPL","","2026-04-08",34186180699.0255,1.45232104803645,78.2,28414064,"South Asia","Kathmandu","85.3157","27.6939","Lower middle income","IDA",24.2550873262275,2.8414064,19
"111","Nepal",2020,58.45,48271.97,0.00121084762026493,"NP","NPL","","2026-04-08",33433659301.2466,2.10403122358509,73.1,28966574,"South Asia","Kathmandu","85.3157","27.6939","Lower middle income","IDA",24.2328289929867,2.8966574,20
"112","Nepal",2021,60.23,50356.43,0.00119607366924145,"NP","NPL","","2026-04-08",36924841394.2605,1.79922776495663,73.7,29475010,"South Asia","Kathmandu","85.3157","27.6939","Lower middle income","IDA",24.3321503700062,2.947501,21
"113","Pakistan",2000,304.86,36913.53,0.00825876040573741,"PK","PAK","","2026-04-08",99484802344.5277,3.44205037794817,51,154879127,"South Asia","Islamabad","72.8","30.5167","Lower middle income","Blend",25.323270729189,15.4879127,0
"114","Pakistan",2001,311.22,36979.99,0.00841590276254807,"PK","PAK","","2026-04-08",97145618479.9038,3.3827115633292,51.5,159270907,"South Asia","Islamabad","72.8","30.5167","Lower middle income","Blend",25.2994769111857,15.9270907,1
"115","Pakistan",2002,321.17,37961.96,0.0084603113221762,"PK","PAK","","2026-04-08",97923302809.3537,3.01207726127683,51.4,163222549,"South Asia","Islamabad","72.8","30.5167","Lower middle income","Blend",25.3074503848123,16.3222549,2
"116","Pakistan",2003,334.03,38959.72,0.00857372691590186,"PK","PAK","","2026-04-08",112371913740.823,2.8952357426091,50.1,167110248,"South Asia","Islamabad","72.8","30.5167","Lower middle income","Blend",25.4450798654307,16.7110248,3
"117","Pakistan",2004,354.73,40808.89,0.00869246872433923,"PK","PAK","","2026-04-08",132216048339.413,2.99464975343955,47.9,171286000,"South Asia","Islamabad","72.8","30.5167","Lower middle income","Blend",25.6077031513943,17.1286,4
"118","Pakistan",2005,367.07,41765.09,0.00878891916670119,"PK","PAK","","2026-04-08",145208562960.767,2.92065745758564,48,175453212,"South Asia","Islamabad","72.8","30.5167","Lower middle income","Blend",25.7014369111572,17.5453212,5
"119","Pakistan",2006,390.08,43239.65,0.0090213496177698,"PK","PAK","","2026-04-08",161871385506.36,2.89418874039467,47,179682690,"South Asia","Islamabad","72.8","30.5167","Lower middle income","Blend",25.8100679402327,17.968269,6
"120","Pakistan",2007,410.63,44004.27,0.00933159441117873,"PK","PAK","","2026-04-08",184140869997.46,3.15438837356383,44.9,184493231,"South Asia","Islamabad","72.8","30.5167","Lower middle income","Blend",25.9389668994472,18.4493231,7
"121","Pakistan",2008,415.62,44256.51,0.00939116075804441,"PK","PAK","","2026-04-08",202203748583.854,3.19446559751646,46.6,189499113,"South Asia","Islamabad","72.8","30.5167","Lower middle income","Blend",26.0325416823513,18.9499113,8
"122","Pakistan",2009,430.71,44176.85,0.00974967658400271,"PK","PAK","","2026-04-08",187337783856.466,3.06821822995951,46.4,194376534,"South Asia","Islamabad","72.8","30.5167","Lower middle income","Blend",25.9561791551307,19.4376534,9
"123","Pakistan",2010,427.38,45999.53,0.00929096449463723,"PK","PAK","","2026-04-08",196709621849.586,3.01195335170423,47.4,199239047,"South Asia","Islamabad","72.8","30.5167","Lower middle income","Blend",26.0049944775131,19.9239047,10
"124","Pakistan",2011,437.74,46150.17,0.00948512215664644,"PK","PAK","","2026-04-08",230586581059.665,2.7967172794014,46.8,203746065,"South Asia","Islamabad","72.8","30.5167","Lower middle income","Blend",26.163892251673,20.3746065,11
"125","Pakistan",2012,444.41,46642.9,0.00952792386408221,"PK","PAK","","2026-04-08",250106966104.704,2.48903688358268,47.2,207667125,"South Asia","Islamabad","72.8","30.5167","Lower middle income","Blend",26.2451545277196,20.7667125,12
"126","Pakistan",2013,459.15,47264.31,0.00971451820623214,"PK","PAK","","2026-04-08",258657231672.412,2.23733214198112,48.1,211073978,"South Asia","Islamabad","72.8","30.5167","Lower middle income","Blend",26.278769592303,21.1073978,13
"127","Pakistan",2014,474.51,47914.39,0.00990328792665418,"PK","PAK","","2026-04-08",271390474857.632,2.14181276581701,47.2,214264647,"South Asia","Islamabad","72.8","30.5167","Lower middle income","Blend",26.3268244874072,21.4264647,14
"128","Pakistan",2015,490.55,47803.99,0.0102616957287457,"PK","PAK","","2026-04-08",299963590534.773,2.07934322942295,45.9,217290883,"South Asia","Islamabad","72.8","30.5167","Lower middle income","Blend",26.4269269393532,21.7290883,15
"129","Pakistan",2016,516.1,48391.19,0.010665164464854,"PK","PAK","","2026-04-08",313630000130.435,2.01818267622495,43.7,220138869,"South Asia","Islamabad","72.8","30.5167","Lower middle income","Blend",26.4714797845284,22.0138869,16
"130","Pakistan",2017,542.07,49115.57,0.0110366223989664,"PK","PAK","","2026-04-08",339205534861.1,2.17293585171018,42.1,223273967,"South Asia","Islamabad","72.8","30.5167","Lower middle income","Blend",26.5498720581281,22.3273967,17
"131","Pakistan",2018,539.06,50226.78,0.0107325215751438,"PK","PAK","","2026-04-08",356128166704.921,2.47827889256294,43.4,226928892,"South Asia","Islamabad","72.8","30.5167","Lower middle income","Blend",26.5985565218413,22.6928892,18
"132","Pakistan",2019,543.79,50603.57,0.0107460797726326,"PK","PAK","","2026-04-08",320909472770.669,2.67028884110817,45.9,230800899,"South Asia","Islamabad","72.8","30.5167","Lower middle income","Blend",26.4944249040116,23.0800899,19
"133","Pakistan",2020,578.89,48271.97,0.0119922596902509,"PK","PAK","","2026-04-08",300425609817.981,2.87283470582816,42.7,235001746,"South Asia","Islamabad","72.8","30.5167","Lower middle income","Blend",26.4284660055927,23.5001746,20
"134","Pakistan",2021,595.65,50356.43,0.0118286780854004,"PK","PAK","","2026-04-08",348516647445.148,3.0143416884213,41.6,239477801,"South Asia","Islamabad","72.8","30.5167","Lower middle income","Blend",26.5769518348587,23.9477801,21
"135","Sri Lanka",2000,27.71,36913.53,0.000750673262622133,"LK","LKA","","2026-04-08",16595882818.6857,0.977754120438553,64.2,19293054,"South Asia","Colombo","79.8528","6.92148","Lower middle income","IDA",23.5324204785754,1.9293054,0
"136","Sri Lanka",2001,25.45,36979.99,0.000688210029261771,"LK","LKA","","2026-04-08",15749753804.8344,1.26695925776299,62.9,19600362,"South Asia","Colombo","79.8528","6.92148","Lower middle income","IDA",23.4800905706568,1.9600362,1
"137","Sri Lanka",2002,26.32,37961.96,0.000693325634398224,"LK","LKA","","2026-04-08",16536535647.0834,1.29483208712039,62.1,19805752,"South Asia","Colombo","79.8528","6.92148","Lower middle income","IDA",23.5288380515857,1.9805752,2
"138","Sri Lanka",2003,27.7,38959.72,0.000710990736073052,"LK","LKA","","2026-04-08",18881765437.2151,1.51648118507654,61.3,19951521,"South Asia","Colombo","79.8528","6.92148","Lower middle income","IDA",23.6614625016192,1.9951521,3
"139","Sri Lanka",2004,27.89,40808.89,0.00068342951744093,"LK","LKA","","2026-04-08",20662525941.2985,1.94395419204096,61.6,20087605,"South Asia","Colombo","79.8528","6.92148","Lower middle income","IDA",23.75158755557,2.0087605,4
"140","Sri Lanka",2005,30.02,41765.09,0.000718782121623586,"LK","LKA","","2026-04-08",24405791044.7761,2.33037410519253,60.1,20216524,"South Asia","Colombo","79.8528","6.92148","Lower middle income","IDA",23.918086278986,2.0216524,5
"141","Sri Lanka",2006,28.56,43239.65,0.00066050488382769,"LK","LKA","","2026-04-08",28267410542.5164,2.72968297164999,62.2,20352411,"South Asia","Colombo","79.8528","6.92148","Lower middle income","IDA",24.0649754070925,2.0352411,6
"142","Sri Lanka",2007,29.55,44004.27,0.000671525740570177,"LK","LKA","","2026-04-08",32350238760.4239,3.05727215385538,60.2,20492545,"South Asia","Colombo","79.8528","6.92148","Lower middle income","IDA",24.1998872384047,2.0492545,7
"143","Sri Lanka",2008,29.96,44256.51,0.000676962553079762,"LK","LKA","","2026-04-08",40713826215.0093,3.29121764712928,61.6,20629378,"South Asia","Colombo","79.8528","6.92148","Lower middle income","IDA",24.4298335821489,2.0629378,8
"144","Sri Lanka",2009,29.28,44176.85,0.000662790579228714,"LK","LKA","","2026-04-08",42066224093.0065,3.44031503551668,63.5,20756435,"South Asia","Colombo","79.8528","6.92148","Lower middle income","IDA",24.4625109775616,2.0756435,9
"145","Sri Lanka",2010,30.73,45999.53,0.000668050303992236,"LK","LKA","","2026-04-08",58636049434.1871,3.56549669365583,61.9,20879089,"South Asia","Colombo","79.8528","6.92148","Lower middle income","IDA",24.7946155224427,2.0879089,10
"146","Sri Lanka",2011,31.01,46150.17,0.000671936853103683,"LK","LKA","","2026-04-08",67753285896.6254,3.70037598430375,56.4,21009048,"South Asia","Colombo","79.8528","6.92148","Lower middle income","IDA",24.9391387958493,2.1009048,11
"147","Sri Lanka",2012,32.81,46642.9,0.000703429675256041,"LK","LKA","","2026-04-08",70447217163.7784,3.38849879593792,52.9,21169458,"South Asia","Colombo","79.8528","6.92148","Lower middle income","IDA",24.9781295736419,2.1169458,12
"148","Sri Lanka",2013,29.91,47264.31,0.000632824217681375,"LK","LKA","","2026-04-08",76976203829.4765,-1.87010791587877,56.9,20585000,"South Asia","Colombo","79.8528","6.92148","Lower middle income","IDA",25.0667621698614,2.0585,13
"149","Sri Lanka",2014,32.35,47914.39,0.000675162513808482,"LK","LKA","","2026-04-08",82531125190.5224,1.92151846149998,54.2,20778000,"South Asia","Colombo","79.8528","6.92148","Lower middle income","IDA",25.1364413341733,2.0778,14
"150","Sri Lanka",2015,34.75,47803.99,0.000726926769083501,"LK","LKA","","2026-04-08",85090301052.0465,1.88673728324595,51.3,20970000,"South Asia","Colombo","79.8528","6.92148","Lower middle income","IDA",25.1669788948442,2.097,15
"151","Sri Lanka",2016,39.37,48391.19,0.000813577843404967,"LK","LKA","","2026-04-08",88000211171.5956,2.07852539042592,45.1,21209000,"South Asia","Colombo","79.8528","6.92148","Lower middle income","IDA",25.200605051099,2.1209,16
"152","Sri Lanka",2017,38.17,49115.57,0.000777146635985289,"LK","LKA","","2026-04-08",94369350285.5814,2.06716658294475,45.8,21453000,"South Asia","Colombo","79.8528","6.92148","Lower middle income","IDA",25.2704821782,2.1453,17
"153","Sri Lanka",2018,37.55,50226.78,0.000747609143966625,"LK","LKA","","2026-04-08",94450015982.8405,1.90747071619883,47.9,21670000,"South Asia","Colombo","79.8528","6.92148","Lower middle income","IDA",25.271336600114,2.167,18
"154","Sri Lanka",2019,39.9,50603.57,0.000788481919358654,"LK","LKA","","2026-04-08",88998706296.5783,1.49046087067776,46.1,21803000,"South Asia","Colombo","79.8528","6.92148","Lower middle income","IDA",25.2118876705794,2.1803,19
"155","Sri Lanka",2020,39.53,48271.97,0.000818901735313475,"LK","LKA","","2026-04-08",84335574581.5072,1.38644327243949,49.3,21919000,"South Asia","Colombo","79.8528","6.92148","Lower middle income","IDA",25.158069612718,2.1919,20
"156","Sri Lanka",2021,39.62,50356.43,0.000786791279683647,"LK","LKA","","2026-04-08",88556698937.7033,1.90830472835626,48.8,22156000,"South Asia","Colombo","79.8528","6.92148","Lower middle income","IDA",25.2069088497842,2.2156,21
